{
  "generatedAt": "2026-03-14T12:40:17.590Z",
  "environment": {
    "nodeVersion": "v25.4.0",
    "platform": "darwin",
    "arch": "arm64",
    "rssMb": 91
  },
  "config": {
    "parseCounts": [
      1000,
      5000,
      10000
    ],
    "bindCounts": [
      1000,
      3000,
      5000
    ],
    "updateCounts": [
      1000,
      3000,
      5000
    ],
    "runs": {
      "parse": 7,
      "bind": 5,
      "updateSingle": 30,
      "updateBulk": 10
    },
    "warmups": {
      "parse": 1,
      "bind": 1,
      "updateSingle": 3,
      "updateBulk": 2
    }
  },
  "sections": {
    "parse": [
      {
        "count": 1000,
        "samples": [
          4.718582999999995,
          5.998750000000001,
          8.739291999999978,
          8.683875,
          8.085291999999981,
          8.847250000000003,
          8.690625000000011
        ],
        "minMs": 4.718582999999995,
        "maxMs": 8.847250000000003,
        "medianMs": 8.683875,
        "p95Ms": 8.739291999999978,
        "avgMs": 7.680523857142853,
        "opsPerSecond": 115155.96435922904,
        "usPerOperation": 8.683875
      },
      {
        "count": 5000,
        "samples": [
          30.91141699999997,
          34.22129100000001,
          30.642875000000004,
          29.095500000000015,
          23.560125000000028,
          29.73708399999998,
          25.021082999999976
        ],
        "minMs": 23.560125000000028,
        "maxMs": 34.22129100000001,
        "medianMs": 29.73708399999998,
        "p95Ms": 30.91141699999997,
        "avgMs": 29.02705357142857,
        "opsPerSecond": 168140.2251814604,
        "usPerOperation": 5.9474167999999965
      },
      {
        "count": 10000,
        "samples": [
          35.75629200000003,
          33.10408300000006,
          44.31733299999996,
          41.48683399999993,
          43.2857919999999,
          38.87262499999997,
          36.711415999999986
        ],
        "minMs": 33.10408300000006,
        "maxMs": 44.31733299999996,
        "medianMs": 38.87262499999997,
        "p95Ms": 43.2857919999999,
        "avgMs": 39.07633928571426,
        "opsPerSecond": 257250.44295310666,
        "usPerOperation": 3.887262499999997
      }
    ],
    "bind": {
      "uniqueExpressionPerBinding": [
        {
          "count": 1000,
          "samples": [
            45.32720800000004,
            37.04224999999997,
            37.10450000000003,
            36.19729099999995,
            37.237167
          ],
          "minMs": 36.19729099999995,
          "maxMs": 45.32720800000004,
          "medianMs": 37.10450000000003,
          "p95Ms": 37.237167,
          "avgMs": 38.5816832,
          "opsPerSecond": 26950.908919403286,
          "usPerOperation": 37.10450000000003
        },
        {
          "count": 3000,
          "samples": [
            110.053042,
            113.80654200000004,
            114.21116699999993,
            133.73229100000026,
            125.32383299999992
          ],
          "minMs": 110.053042,
          "maxMs": 133.73229100000026,
          "medianMs": 114.21116699999993,
          "p95Ms": 125.32383299999992,
          "avgMs": 119.42537500000003,
          "opsPerSecond": 26267.133755843697,
          "usPerOperation": 38.07038899999998
        },
        {
          "count": 5000,
          "samples": [
            212.67341599999963,
            223.47270900000058,
            237.27245800000037,
            226.59750000000076,
            239.6260000000002
          ],
          "minMs": 212.67341599999963,
          "maxMs": 239.6260000000002,
          "medianMs": 226.59750000000076,
          "p95Ms": 237.27245800000037,
          "avgMs": 227.9284166000003,
          "opsPerSecond": 22065.556769161103,
          "usPerOperation": 45.319500000000154
        }
      ],
      "cachedExpressionString": [
        {
          "count": 1000,
          "samples": [
            29.18316600000003,
            30.382458000000042,
            31.04362500000002,
            26.3728329999999,
            28.026792000000114
          ],
          "minMs": 26.3728329999999,
          "maxMs": 31.04362500000002,
          "medianMs": 29.18316600000003,
          "p95Ms": 30.382458000000042,
          "avgMs": 29.00177480000002,
          "opsPerSecond": 34266.33011647876,
          "usPerOperation": 29.183166000000025
        },
        {
          "count": 3000,
          "samples": [
            100.63095900000008,
            108.80845800000043,
            122.81704199999967,
            120.57408299999997,
            125.28600000000006
          ],
          "minMs": 100.63095900000008,
          "maxMs": 125.28600000000006,
          "medianMs": 120.57408299999997,
          "p95Ms": 122.81704199999967,
          "avgMs": 115.62330840000004,
          "opsPerSecond": 24880.96882312595,
          "usPerOperation": 40.191360999999986
        },
        {
          "count": 5000,
          "samples": [
            214.68133300000045,
            227.65091699999994,
            233.8406670000004,
            214.22950000000128,
            253.1553329999988
          ],
          "minMs": 214.22950000000128,
          "maxMs": 253.1553329999988,
          "medianMs": 227.65091699999994,
          "p95Ms": 233.8406670000004,
          "avgMs": 228.71155000000016,
          "opsPerSecond": 21963.452051458247,
          "usPerOperation": 45.530183399999984
        }
      ]
    },
    "update": {
      "singleMutationWithActiveBindings": [
        {
          "count": 1000,
          "samples": [
            0.22020900000097754,
            0.1373330000005808,
            0.15137500000128057,
            0.12487499999951979,
            0.12404199999946286,
            0.1546249999992142,
            0.2055419999996957,
            0.12554200000158744,
            0.11295900000004622,
            0.10541600000033213,
            0.13370899999972607,
            0.10841699999946286,
            0.1232079999990674,
            0.0994170000012673,
            0.1323339999999007,
            0.12154200000077253,
            0.12183300000106101,
            0.13079199999992852,
            0.11112499999944703,
            0.10712499999863212,
            0.12258300000030431,
            0.12650000000212458,
            0.11958299999969313,
            0.1149169999989681,
            0.09824999999909778,
            0.12237500000264845,
            0.13116699999955017,
            0.11987500000032014,
            0.1454169999997248,
            0.1425409999974363
          ],
          "minMs": 0.09824999999909778,
          "maxMs": 0.22020900000097754,
          "medianMs": 0.12362499999926513,
          "p95Ms": 0.1546249999992142,
          "avgMs": 0.12982093333339434,
          "operationsPerFrame16_67ms": 134.84327603720197
        },
        {
          "count": 3000,
          "samples": [
            0.08491700000013225,
            0.09641699999701814,
            0.08545900000171969,
            0.0985419999997248,
            0.08404200000222772,
            0.0889580000002752,
            0.09220800000184681,
            0.11770800000158488,
            0.1082910000004631,
            0.08429200000318815,
            0.09875000000101863,
            0.08391599999958999,
            0.08462499999950523,
            0.1043340000032913,
            0.23683299999538576,
            0.09008299999550218,
            0.09754200000315905,
            0.08116700000391575,
            0.1464579999956186,
            0.08912499999860302,
            0.09995799999887822,
            0.10795900000084657,
            0.09120800000528106,
            0.16737499999726424,
            0.0927090000041062,
            0.08974999999918509,
            0.08412500000122236,
            0.08620800000062445,
            0.1002089999965392,
            0.10983300000225427
          ],
          "minMs": 0.08116700000391575,
          "maxMs": 0.23683299999538576,