{
  "generatedAt": "2026-03-14T12:37:01.914Z",
  "environment": {
    "nodeVersion": "v25.4.0",
    "platform": "darwin",
    "arch": "arm64",
    "rssMb": 90
  },
  "config": {
    "parseCounts": [
      1000,
      5000,
      10000
    ],
    "bindCounts": [
      1000,
      3000,
      5000
    ],
    "updateCounts": [
      1000,
      3000,
      5000
    ],
    "runs": {
      "parse": 7,
      "bind": 5,
      "updateSingle": 30,
      "updateBulk": 10
    },
    "warmups": {
      "parse": 1,
      "bind": 1,
      "updateSingle": 3,
      "updateBulk": 2
    }
  },
  "sections": {
    "parse": [
      {
        "count": 1000,
        "samples": [
          6.906458000000001,
          9.532124999999994,
          8.772084000000007,
          8.328999999999994,
          8.489666999999997,
          8.485834000000011,
          8.036459000000008
        ],
        "minMs": 6.906458000000001,
        "maxMs": 9.532124999999994,
        "medianMs": 8.485834000000011,
        "p95Ms": 8.772084000000007,
        "avgMs": 8.364518142857145,
        "opsPerSecond": 117843.45533980499,
        "usPerOperation": 8.485834000000011
      },
      {
        "count": 5000,
        "samples": [
          30.719666999999987,
          31.045416000000017,
          28.92516599999999,
          34.824792,
          21.485500000000002,
          28.014458000000047,
          25.68141700000001
        ],
        "minMs": 21.485500000000002,
        "maxMs": 34.824792,
        "medianMs": 28.92516599999999,
        "p95Ms": 31.045416000000017,
        "avgMs": 28.67091657142858,
        "opsPerSecond": 172859.854978879,
        "usPerOperation": 5.785033199999998
      },
      {
        "count": 10000,
        "samples": [
          39.173833,
          33.154875000000004,
          41.09029199999998,
          41.37983299999996,
          40.24487499999998,
          39.07220899999993,
          34.810790999999995
        ],
        "minMs": 33.154875000000004,
        "maxMs": 41.37983299999996,
        "medianMs": 39.173833,
        "p95Ms": 41.09029199999998,
        "avgMs": 38.41810114285712,
        "opsPerSecond": 255272.44168320214,
        "usPerOperation": 3.9173833
      }
    ],
    "bind": {
      "uniqueExpressionPerBinding": [
        {
          "count": 1000,
          "samples": [
            40.76866599999994,
            35.344749999999976,
            35.754249999999956,
            36.98591699999997,
            33.303499999999985
          ],
          "minMs": 33.303499999999985,
          "maxMs": 40.76866599999994,
          "medianMs": 35.754249999999956,
          "p95Ms": 36.98591699999997,
          "avgMs": 36.43141659999996,
          "opsPerSecond": 27968.70302131918,
          "usPerOperation": 35.754249999999956
        },
        {
          "count": 3000,
          "samples": [
            108.9318330000001,
            113.55029200000013,
            124.84570800000006,
            140.272833,
            135.91245800000024
          ],
          "minMs": 108.9318330000001,
          "maxMs": 140.272833,
          "medianMs": 124.84570800000006,
          "p95Ms": 135.91245800000024,
          "avgMs": 124.70262480000011,
          "opsPerSecond": 24029.66067523922,
          "usPerOperation": 41.61523600000002
        },
        {
          "count": 5000,
          "samples": [
            207.9359999999997,
            219.28270900000007,
            223.89879199999996,
            234.86983299999974,
            240.45537500000046
          ],
          "minMs": 207.9359999999997,
          "maxMs": 240.45537500000046,
          "medianMs": 223.89879199999996,
          "p95Ms": 234.86983299999974,
          "avgMs": 225.2885418,
          "opsPerSecond": 22331.51842998778,
          "usPerOperation": 44.77975839999999
        }
      ],
      "cachedExpressionString": [
        {
          "count": 1000,
          "samples": [
            27.774458000000095,
            30.838291000000027,
            25.186749999999847,
            26.290750000000116,
            28.1517080000001
          ],
          "minMs": 25.186749999999847,
          "maxMs": 30.838291000000027,
          "medianMs": 27.774458000000095,
          "p95Ms": 28.1517080000001,
          "avgMs": 27.648391400000037,
          "opsPerSecond": 36004.302946253585,
          "usPerOperation": 27.77445800000009
        },
        {
          "count": 3000,
          "samples": [
            103.92579100000012,
            111.3129170000002,
            127.80812500000002,
            122.54879100000016,
            133.31237499999997
          ],
          "minMs": 103.92579100000012,
          "maxMs": 133.31237499999997,
          "medianMs": 122.54879100000016,
          "p95Ms": 127.80812500000002,
          "avgMs": 119.7815998000001,
          "opsPerSecond": 24480.045666056354,
          "usPerOperation": 40.84959700000006
        },
        {
          "count": 5000,
          "samples": [
            192.9085409999998,
            238.23250000000007,
            211.80562499999905,
            211.98275000000103,
            245.83029200000055
          ],
          "minMs": 192.9085409999998,
          "maxMs": 245.83029200000055,
          "medianMs": 211.98275000000103,
          "p95Ms": 238.23250000000007,
          "avgMs": 220.1519416000001,
          "opsPerSecond": 23586.82487136324,
          "usPerOperation": 42.39655000000021
        }
      ]
    },
    "update": {
      "singleMutationWithActiveBindings": [
        {
          "count": 1000,
          "samples": [
            0.16899999999986903,
            0.15637499999866122,
            0.1529580000005808,
            0.12912500000129512,
            0.1277909999989788,
            0.15875000000050932,
            0.15054200000122364,
            0.14550000000053842,
            0.0976249999985157,
            0.14970900000116671,
            0.12874999999985448,
            0.10304200000064156,
            0.10820899999998801,
            0.1162079999994603,
            0.10891599999922619,
            0.1703750000015134,
            0.10370900000270922,
            0.10362499999973807,
            0.10949999999866122,
            0.14608399999997346,
            0.11716700000033597,
            0.10495799999989686,
            0.140625,
            0.11704200000167475,
            0.13670799999817973,
            0.12099999999918509,
            0.10374999999839929,
            0.11791599999924074,
            0.10070799999812152,
            0.10062499999912689
          ],
          "minMs": 0.0976249999985157,
          "maxMs": 0.1703750000015134,
          "medianMs": 0.11945799999921292,
          "p95Ms": 0.15875000000050932,
          "avgMs": 0.12654306666657553,
          "operationsPerFrame16_67ms": 139.54695374198326
        },
        {
          "count": 3000,
          "samples": [
            0.1317909999997937,
            0.0952499999984866,
            0.10866600000008475,
            0.09774999999717693,
            0.0785409999989497,
            0.09920799999963492,
            0.09366700000100536,
            0.09837500000139698,
            0.13008300000001327,
            0.11008399999991525,
            0.08566699999937555,
            0.0921249999992142,
            0.12470899999971152,
            0.11199999999735155,
            0.08891700000094716,
            0.09425000000192085,
            0.13504200000170385,
            0.0939589999979944,
            0.10308399999485118,
            0.16391699999803677,
            0.091999999996915,
            0.095458999996481,
            0.08945800000219606,
            0.1162079999994603,
            0.0930000000007567,
            0.09054199999809498,
            0.08562499999970896,
            0.08633299999928568,
            0.11745900000096299,
            0.0806250000023283
          ],
          "minMs": 0.0785409999989497,
          "maxMs": 0.16391699999803677,