{
  "generatedAt": "2026-03-14T21:09:49.523Z",
  "environment": {
    "nodeVersion": "v25.4.0",
    "platform": "darwin",
    "arch": "arm64",
    "rssMb": 90
  },
  "config": {
    "parseCounts": [
      1000,
      5000,
      10000
    ],
    "bindCounts": [
      1000,
      3000,
      5000
    ],
    "updateCounts": [
      1000,
      3000,
      5000
    ],
    "runs": {
      "parse": 7,
      "bind": 5,
      "updateSingle": 30,
      "updateBulk": 10
    },
    "warmups": {
      "parse": 1,
      "bind": 1,
      "updateSingle": 3,
      "updateBulk": 2
    }
  },
  "sections": {
    "parse": [
      {
        "count": 1000,
        "samples": [
          9.287000000000006,
          8.938375000000008,
          8.985208999999998,
          8.658708000000019,
          9.029833999999994,
          8.721000000000004,
          8.757333000000017
        ],
        "minMs": 8.658708000000019,
        "maxMs": 9.287000000000006,
        "medianMs": 8.938375000000008,
        "p95Ms": 9.029833999999994,
        "avgMs": 8.911065571428578,
        "opsPerSecond": 111877.15887955014,
        "usPerOperation": 8.938375000000008
      },
      {
        "count": 5000,
        "samples": [
          26.87850000000003,
          32.417917000000045,
          31.764666999999974,
          26.49570799999998,
          24.143459000000007,
          28.409084000000007,
          24.311125000000004
        ],
        "minMs": 24.143459000000007,
        "maxMs": 32.417917000000045,
        "medianMs": 26.87850000000003,
        "p95Ms": 31.764666999999974,
        "avgMs": 27.774351428571435,
        "opsPerSecond": 186022.28546979907,
        "usPerOperation": 5.3757000000000055
      },
      {
        "count": 10000,
        "samples": [
          36.58404200000007,
          33.64666699999998,
          38.929250000000025,
          42.83287500000006,
          43.32675000000006,
          40.092625,
          36.73000000000002
        ],
        "minMs": 33.64666699999998,
        "maxMs": 43.32675000000006,
        "medianMs": 38.929250000000025,
        "p95Ms": 42.83287500000006,
        "avgMs": 38.87745842857146,
        "opsPerSecond": 256876.25628544073,
        "usPerOperation": 3.892925000000002
      }
    ],
    "bind": {
      "uniqueExpressionPerBinding": [
        {
          "count": 1000,
          "samples": [
            45.099666999999954,
            34.807750000000055,
            34.95066699999995,
            30.531166999999982,
            30.029749999999922
          ],
          "minMs": 30.029749999999922,
          "maxMs": 45.099666999999954,
          "medianMs": 34.807750000000055,
          "p95Ms": 34.95066699999995,
          "avgMs": 35.08380019999997,
          "opsPerSecond": 28729.23415044059,
          "usPerOperation": 34.807750000000055
        },
        {
          "count": 3000,
          "samples": [
            111.81033400000001,
            126.14824999999996,
            123.48512500000015,
            121.18670800000018,
            127.97104200000012
          ],
          "minMs": 111.81033400000001,
          "maxMs": 127.97104200000012,
          "medianMs": 123.48512500000015,
          "p95Ms": 126.14824999999996,
          "avgMs": 122.12029180000009,
          "opsPerSecond": 24294.424125982754,
          "usPerOperation": 41.16170833333338
        },
        {
          "count": 5000,
          "samples": [
            212.89495800000077,
            227.42804199999955,
            243.43325000000004,
            227.4494590000004,
            233.3715000000002
          ],
          "minMs": 212.89495800000077,
          "maxMs": 243.43325000000004,
          "medianMs": 227.4494590000004,
          "p95Ms": 233.3715000000002,
          "avgMs": 228.9154418000002,
          "opsPerSecond": 21982.905661692483,
          "usPerOperation": 45.48989180000007
        }
      ],
      "cachedExpressionString": [
        {
          "count": 1000,
          "samples": [
            26.03833399999985,
            27.56441700000005,
            24.021625000000085,
            24.785167,
            26.447125000000142
          ],
          "minMs": 24.021625000000085,
          "maxMs": 27.56441700000005,
          "medianMs": 26.03833399999985,
          "p95Ms": 26.447125000000142,
          "avgMs": 25.771333600000027,
          "opsPerSecond": 38404.91484593468,
          "usPerOperation": 26.03833399999985
        },
        {
          "count": 3000,
          "samples": [
            101.51204200000029,
            119.11700000000019,
            124.61437500000011,
            126.90820799999983,
            139.01491700000042
          ],
          "minMs": 101.51204200000029,
          "maxMs": 139.01491700000042,
          "medianMs": 124.61437500000011,
          "p95Ms": 126.90820799999983,
          "avgMs": 122.23330840000017,
          "opsPerSecond": 24074.26912023591,
          "usPerOperation": 41.538125000000036
        },
        {
          "count": 5000,
          "samples": [
            191.79041599999982,
            239.993457999999,
            254.433665999999,
            241.44387500000084,
            259.9461250000004
          ],
          "minMs": 191.79041599999982,
          "maxMs": 259.9461250000004,
          "medianMs": 241.44387500000084,
          "p95Ms": 254.433665999999,
          "avgMs": 237.5215079999998,
          "opsPerSecond": 20708.746494397434,
          "usPerOperation": 48.28877500000017
        }
      ]
    },
    "update": {
      "singleMutationWithActiveBindings": [
        {
          "count": 1000,
          "samples": [
            0.15354200000001583,
            0.12670799999978044,
            0.12941700000010314,
            0.1132500000003347,
            0.11241700000027777,
            0.1650839999983873,
            0.18833300000005693,
            0.10395900000003166,
            0.09108300000116287,
            0.0944999999992433,
            0.11716700000033597,
            0.09666700000161654,
            0.09770800000114832,
            0.09991599999921164,
            0.08587500000066939,
            0.10270899999886751,
            0.08341600000130711,
            0.09670799999730662,
            0.08562499999970896,
            0.0885420000013255,
            0.10679199999867706,
            0.11808300000120653,
            0.08300000000235741,
            0.10762500000055297,
            0.09949999999662396,
            0.10641600000235485,
            0.08708300000216695,
            0.09324999999807915,
            0.08358299999963492,
            0.09529199999815319
          ],
          "minMs": 0.08300000000235741,
          "maxMs": 0.18833300000005693,
          "medianMs": 0.0997079999979178,
          "p95Ms": 0.15354200000001583,
          "avgMs": 0.10710833333335662,
          "operationsPerFrame16_67ms": 167.18818951687047
        },
        {
          "count": 3000,
          "samples": [
            0.1254590000025928,
            0.0742500000014843,
            0.06550000000061118,
            0.08983300000545569,
            0.08258300000306917,
            0.08529100000305334,
            0.07675000000017462,
            0.07200000000011642,
            0.09895899999537505,
            0.08800000000337604,
            0.07629099999758182,
            0.08029200000601122,
            0.07933299999422161,
            0.0904579999987618,
            0.0741660000057891,
            0.10095799999544397,
            0.09095800000068266,
            0.08141600000089966,
            0.11508299999695737,
            0.07254099999408936,
            0.0790839999972377,
            0.06795899999997346,
            0.0773750000007567,
            0.09091700000135461,
            0.10975000000325963,
            0.08979200000612764,
            0.08816600000136532,
            0.07645800000318559,
            0.09345800000301097,
            0.07900000000518048
          ],