{
  "generatedAt": "2026-03-14T14:00:38.786Z",
  "environment": {
    "nodeVersion": "v25.4.0",
    "platform": "darwin",
    "arch": "arm64",
    "rssMb": 89
  },
  "config": {
    "parseCounts": [
      1000,
      5000,
      10000
    ],
    "bindCounts": [
      1000,
      3000,
      5000
    ],
    "updateCounts": [
      1000,
      3000,
      5000
    ],
    "runs": {
      "parse": 7,
      "bind": 5,
      "updateSingle": 30,
      "updateBulk": 10
    },
    "warmups": {
      "parse": 1,
      "bind": 1,
      "updateSingle": 3,
      "updateBulk": 2
    }
  },
  "sections": {
    "parse": [
      {
        "count": 1000,
        "samples": [
          4.719832999999994,
          5.841499999999996,
          8.773042000000004,
          8.658291999999989,
          7.809624999999983,
          8.557582999999994,
          8.454417000000007
        ],
        "minMs": 4.719832999999994,
        "maxMs": 8.773042000000004,
        "medianMs": 8.454417000000007,
        "p95Ms": 8.658291999999989,
        "avgMs": 7.544898857142853,
        "opsPerSecond": 118281.36700614593,
        "usPerOperation": 8.454417000000007
      },
      {
        "count": 5000,
        "samples": [
          30.805207999999965,
          28.821416999999997,
          31.244124999999997,
          26.881167000000005,
          25.076250000000016,
          27.668957999999975,
          26.651791000000003
        ],
        "minMs": 25.076250000000016,
        "maxMs": 31.244124999999997,
        "medianMs": 27.668957999999975,
        "p95Ms": 30.805207999999965,
        "avgMs": 28.16413085714285,
        "opsPerSecond": 180707.92546651032,
        "usPerOperation": 5.533791599999995
      },
      {
        "count": 10000,
        "samples": [
          36.94991700000003,
          33.625541999999996,
          39.10120800000004,
          39.920083999999974,
          42.426917,
          40.226332999999954,
          38.600625000000036
        ],
        "minMs": 33.625541999999996,
        "maxMs": 42.426917,
        "medianMs": 39.10120800000004,
        "p95Ms": 40.226332999999954,
        "avgMs": 38.69294657142858,
        "opsPerSecond": 255746.5743769346,
        "usPerOperation": 3.910120800000004
      }
    ],
    "bind": {
      "uniqueExpressionPerBinding": [
        {
          "count": 1000,
          "samples": [
            42.31149999999991,
            48.61966700000005,
            33.63270799999998,
            32.429125,
            30.326332999999977
          ],
          "minMs": 30.326332999999977,
          "maxMs": 48.61966700000005,
          "medianMs": 33.63270799999998,
          "p95Ms": 42.31149999999991,
          "avgMs": 37.46386659999998,
          "opsPerSecond": 29732.961140090192,
          "usPerOperation": 33.63270799999998
        },
        {
          "count": 3000,
          "samples": [
            125.66445799999997,
            141.91475000000014,
            120.11874999999964,
            124.60849999999982,
            126.70941700000003
          ],
          "minMs": 120.11874999999964,
          "maxMs": 141.91475000000014,
          "medianMs": 125.66445799999997,
          "p95Ms": 126.70941700000003,
          "avgMs": 127.80317499999992,
          "opsPerSecond": 23873.09862904912,
          "usPerOperation": 41.888152666666656
        },
        {
          "count": 5000,
          "samples": [
            205.85208299999977,
            222.5484580000002,
            244.76820900000075,
            223.10945899999933,
            240.6629579999999
          ],
          "minMs": 205.85208299999977,
          "maxMs": 244.76820900000075,
          "medianMs": 223.10945899999933,
          "p95Ms": 240.6629579999999,
          "avgMs": 227.3882334,
          "opsPerSecond": 22410.524512992586,
          "usPerOperation": 44.621891799999865
        }
      ],
      "cachedExpressionString": [
        {
          "count": 1000,
          "samples": [
            25.430832999999893,
            28.613417000000027,
            26.809666000000107,
            37.39887500000009,
            30.84787500000016
          ],
          "minMs": 25.430832999999893,
          "maxMs": 37.39887500000009,
          "medianMs": 28.613417000000027,
          "p95Ms": 30.84787500000016,
          "avgMs": 29.820133200000054,
          "opsPerSecond": 34948.63965390778,
          "usPerOperation": 28.613417000000027
        },
        {
          "count": 3000,
          "samples": [
            99.79808400000002,
            124.33075000000008,
            126.93762500000003,
            121.38766600000008,
            126.45600000000013
          ],
          "minMs": 99.79808400000002,
          "maxMs": 126.93762500000003,
          "medianMs": 124.33075000000008,
          "p95Ms": 126.45600000000013,
          "avgMs": 119.78202500000006,
          "opsPerSecond": 24129.187670789393,
          "usPerOperation": 41.443583333333365
        },
        {
          "count": 5000,
          "samples": [
            178.4550420000005,
            206.221375000001,
            217.46470799999952,
            214.45033299999886,
            240.33799999999974
          ],
          "minMs": 178.4550420000005,
          "maxMs": 240.33799999999974,
          "medianMs": 214.45033299999886,
          "p95Ms": 217.46470799999952,
          "avgMs": 211.38589159999992,
          "opsPerSecond": 23315.421944343758,
          "usPerOperation": 42.89006659999978
        }
      ]
    },
    "update": {
      "singleMutationWithActiveBindings": [
        {
          "count": 1000,
          "samples": [
            0.18087500000001455,
            0.13341699999909906,
            0.15195800000037707,
            0.11258300000008603,
            0.128458999999566,
            0.16825000000062573,
            0.17137499999989814,
            0.1599160000005213,
            0.09845800000039162,
            0.10620899999958056,
            0.11520799999925657,
            0.13191700000061246,
            0.1041670000013255,
            0.09837500000139698,
            0.087666999999783,
            0.11537499999758438,
            0.10337499999877764,
            0.09274999999979627,
            0.08279100000072503,
            0.08675000000221189,
            0.10320800000044983,
            0.08650000000125146,
            0.10041699999783305,
            0.08912499999860302,
            0.1089590000010503,
            0.12549999999828287,
            0.09341700000004494,
            0.08541599999807659,
            0.08316699999704724,
            0.11479099999996834
          ],
          "minMs": 0.08279100000072503,
          "maxMs": 0.18087500000001455,
          "medianMs": 0.10518800000045303,
          "p95Ms": 0.16825000000062573,
          "avgMs": 0.11401249999980792,
          "operationsPerFrame16_67ms": 158.47815340084617
        },
        {
          "count": 3000,
          "samples": [
            0.07400000000052387,
            0.1062500000007276,
            0.07808300000033341,
            0.09629199999835691,
            0.073500000002241,
            0.06904099999883329,
            0.07666600000084145,
            0.0944999999992433,
            0.09737500000483124,
            0.07733300000109011,
            0.06395900000643451,
            0.0728750000052969,
            0.07387500000186265,
            0.08812499999476131,
            0.10825000000477303,
            0.07808400000067195,
            0.07495799999742303,
            0.0745840000017779,
            0.08858400000463007,
            0.06866699999955017,
            0.09620799999538576,
            0.07174999999551801,
            0.07591600000159815,
            0.08908399999927497,
            0.0639999999984866,
            0.07383399999525864,
            0.07237499999610009,
            0.06591599999956088,
            0.08449999999720603,
            0.06462499999906868
          ],
          "minMs": 0.06395900000643451,