{
  "generatedAt": "2026-03-14T11:49:04.643Z",
  "environment": {
    "nodeVersion": "v25.4.0",
    "platform": "darwin",
    "arch": "arm64",
    "rssMb": 92
  },
  "config": {
    "parseCounts": [
      1000,
      5000,
      10000
    ],
    "bindCounts": [
      1000,
      3000,
      5000
    ],
    "updateCounts": [
      1000,
      3000,
      5000
    ],
    "runs": {
      "parse": 7,
      "bind": 5,
      "updateSingle": 30,
      "updateBulk": 10
    },
    "warmups": {
      "parse": 1,
      "bind": 1,
      "updateSingle": 3,
      "updateBulk": 2
    }
  },
  "sections": {
    "parse": [
      {
        "count": 1000,
        "samples": [
          4.620084000000006,
          8.631625,
          8.423916000000006,
          8.42733299999999,
          8.563666000000012,
          8.458584000000002,
          8.822958
        ],
        "minMs": 4.620084000000006,
        "maxMs": 8.822958,
        "medianMs": 8.458584000000002,
        "p95Ms": 8.631625,
        "avgMs": 7.992595142857145,
        "opsPerSecond": 118223.09738840447,
        "usPerOperation": 8.458584000000002
      },
      {
        "count": 5000,
        "samples": [
          30.38529200000002,
          31.251250000000027,
          28.939583999999968,
          25.500708999999972,
          22.394041999999956,
          28.149666999999965,
          25.47470899999996
        ],
        "minMs": 22.394041999999956,
        "maxMs": 31.251250000000027,
        "medianMs": 28.149666999999965,
        "p95Ms": 30.38529200000002,
        "avgMs": 27.44217899999998,
        "opsPerSecond": 177621.99460476765,
        "usPerOperation": 5.6299333999999925
      },
      {
        "count": 10000,
        "samples": [
          37.04962499999999,
          33.80512499999992,
          37.80879200000004,
          39.40237499999989,
          41.82604200000003,
          37.99383399999999,
          40.096667000000025
        ],
        "minMs": 33.80512499999992,
        "maxMs": 41.82604200000003,
        "medianMs": 37.99383399999999,
        "p95Ms": 40.096667000000025,
        "avgMs": 38.28320857142855,
        "opsPerSecond": 263200.60249776323,
        "usPerOperation": 3.7993833999999995
      }
    ],
    "bind": {
      "uniqueExpressionPerBinding": [
        {
          "count": 1000,
          "samples": [
            43.62033299999996,
            35.31566699999996,
            35.98237500000005,
            36.19829200000004,
            34.98845800000004
          ],
          "minMs": 34.98845800000004,
          "maxMs": 43.62033299999996,
          "medianMs": 35.98237500000005,
          "p95Ms": 36.19829200000004,
          "avgMs": 37.22102500000001,
          "opsPerSecond": 27791.383976182748,
          "usPerOperation": 35.98237500000004
        },
        {
          "count": 3000,
          "samples": [
            111.0947920000001,
            109.62249999999995,
            118.58275000000026,
            125.82704199999989,
            128.75912500000004
          ],
          "minMs": 109.62249999999995,
          "maxMs": 128.75912500000004,
          "medianMs": 118.58275000000026,
          "p95Ms": 125.82704199999989,
          "avgMs": 118.77724180000004,
          "opsPerSecond": 25298.789242111463,
          "usPerOperation": 39.52758333333342
        },
        {
          "count": 5000,
          "samples": [
            205.40891699999975,
            234.25579199999993,
            230.5696250000001,
            246.74366699999973,
            233.1999169999999
          ],
          "minMs": 205.40891699999975,
          "maxMs": 246.74366699999973,
          "medianMs": 233.1999169999999,
          "p95Ms": 234.25579199999993,
          "avgMs": 230.03558359999988,
          "opsPerSecond": 21440.83095878633,
          "usPerOperation": 46.63998339999998
        }
      ],
      "cachedExpressionString": [
        {
          "count": 1000,
          "samples": [
            27.513417000000118,
            29.182375000000093,
            28.907625000000053,
            25.49762499999997,
            27.854917000000114
          ],
          "minMs": 25.49762499999997,
          "maxMs": 29.182375000000093,
          "medianMs": 27.854917000000114,
          "p95Ms": 28.907625000000053,
          "avgMs": 27.79119180000007,
          "opsPerSecond": 35900.30442381128,
          "usPerOperation": 27.854917000000114
        },
        {
          "count": 3000,
          "samples": [
            101.26783400000022,
            116.57408299999997,
            123.77524999999969,
            119.10466700000006,
            126.55012499999975
          ],
          "minMs": 101.26783400000022,
          "maxMs": 126.55012499999975,
          "medianMs": 119.10466700000006,
          "p95Ms": 123.77524999999969,
          "avgMs": 117.45439179999994,
          "opsPerSecond": 25187.929873478413,
          "usPerOperation": 39.701555666666685
        },
        {
          "count": 5000,
          "samples": [
            185.4390829999993,
            213.8682920000001,
            218.64104099999986,
            224.3600830000014,
            246.74212499999885
          ],
          "minMs": 185.4390829999993,
          "maxMs": 246.74212499999885,
          "medianMs": 218.64104099999986,
          "p95Ms": 224.3600830000014,
          "avgMs": 217.8101247999999,
          "opsPerSecond": 22868.533634543037,
          "usPerOperation": 43.72820819999997
        }
      ]
    },
    "update": {
      "singleMutationWithActiveBindings": [
        {
          "count": 1000,
          "samples": [
            0.21687500000007276,
            0.17675000000053842,
            0.13737500000024738,
            0.15933399999994435,
            0.12479199999870616,
            0.15737500000068394,
            0.15354200000001583,
            0.11895800000093004,
            0.11058400000001711,
            0.1117500000000291,
            0.13075000000026193,
            0.14329100000031758,
            0.1212919999998121,
            0.10562500000014552,
            0.11008299999957671,
            0.12675000000126602,
            0.10250000000087311,
            0.10204100000191829,
            0.1529999999984284,
            0.09862500000235741,
            0.13775000000168802,
            0.10308299999815063,
            0.12291700000059791,
            0.10316700000112178,
            0.10420800000065356,
            0.17508300000190502,
            0.15391700000327546,
            0.10437499999898137,
            0.11349999999947613,
            0.10616699999809498
          ],
          "minMs": 0.09862500000235741,
          "maxMs": 0.21687500000007276,
          "medianMs": 0.12210450000020501,
          "p95Ms": 0.17508300000190502,
          "avgMs": 0.12951530000033623,
          "operationsPerFrame16_67ms": 136.5224049889399
        },
        {
          "count": 3000,
          "samples": [
            0.13591699999960838,
            0.10929100000066683,
            0.131083000000217,
            0.15725000000020373,
            0.08262499999909778,
            0.0983330000017304,
            0.10525000000052387,
            0.08899999999994179,
            0.12012500000128057,
            0.08804099999906612,
            0.09604200000103447,
            0.12700000000040745,
            0.0947500000038417,
            0.10916700000234414,
            0.10987500000192085,
            0.10062499999912689,
            0.09324999999807915,
            0.09495800000149757,
            0.11100000000442378,
            0.10866600000008475,
            0.09137500000360887,
            0.08275000000139698,
            0.0857079999987036,
            0.1257499999992433,
            0.11329199999454431,
            0.09425000000192085,
            0.0814170000012382,
            0.08024999999906868,
            0.12733299999672454,
            0.09754099999554455
          ],
          "minMs": 0.08024999999906868,