{
  "generatedAt": "2026-03-14T14:44:29.531Z",
  "environment": {
    "nodeVersion": "v25.4.0",
    "platform": "darwin",
    "arch": "arm64",
    "rssMb": 89
  },
  "config": {
    "parseCounts": [
      1000,
      5000,
      10000
    ],
    "bindCounts": [
      1000,
      3000,
      5000
    ],
    "updateCounts": [
      1000,
      3000,
      5000
    ],
    "runs": {
      "parse": 7,
      "bind": 5,
      "updateSingle": 30,
      "updateBulk": 10
    },
    "warmups": {
      "parse": 1,
      "bind": 1,
      "updateSingle": 3,
      "updateBulk": 2
    }
  },
  "sections": {
    "parse": [
      {
        "count": 1000,
        "samples": [
          4.028415999999993,
          8.918750000000017,
          9.303458000000006,
          8.547041000000007,
          8.699917,
          8.987249999999989,
          8.92425
        ],
        "minMs": 4.028415999999993,
        "maxMs": 9.303458000000006,
        "medianMs": 8.918750000000017,
        "p95Ms": 8.987249999999989,
        "avgMs": 8.201297428571431,
        "opsPerSecond": 112123.33566923594,
        "usPerOperation": 8.918750000000017
      },
      {
        "count": 5000,
        "samples": [
          26.31645900000001,
          29.551499999999976,
          27.985041999999964,
          28.527832999999987,
          22.77737499999995,
          28.67824999999999,
          25.952458999999976
        ],
        "minMs": 22.77737499999995,
        "maxMs": 29.551499999999976,
        "medianMs": 27.985041999999964,
        "p95Ms": 28.67824999999999,
        "avgMs": 27.11270257142855,
        "opsPerSecond": 178666.87496842086,
        "usPerOperation": 5.597008399999993
      },
      {
        "count": 10000,
        "samples": [
          43.27812499999999,
          42.92916700000001,
          64.13812500000006,
          40.265916999999945,
          40.458375000000046,
          39.519542,
          42.427374999999984
        ],
        "minMs": 39.519542,
        "maxMs": 64.13812500000006,
        "medianMs": 42.427374999999984,
        "p95Ms": 43.27812499999999,
        "avgMs": 44.71666085714286,
        "opsPerSecond": 235696.882024872,
        "usPerOperation": 4.242737499999999
      }
    ],
    "bind": {
      "uniqueExpressionPerBinding": [
        {
          "count": 1000,
          "samples": [
            41.089665999999966,
            34.63599999999997,
            32.94058299999995,
            32.73812500000008,
            31.3912499999999
          ],
          "minMs": 31.3912499999999,
          "maxMs": 41.089665999999966,
          "medianMs": 32.94058299999995,
          "p95Ms": 34.63599999999997,
          "avgMs": 34.55912479999997,
          "opsPerSecond": 30357.68978345045,
          "usPerOperation": 32.94058299999995
        },
        {
          "count": 3000,
          "samples": [
            110.67891699999996,
            111.84741699999995,
            114.12133299999982,
            117.42258300000003,
            151.06566599999996
          ],
          "minMs": 110.67891699999996,
          "maxMs": 151.06566599999996,
          "medianMs": 114.12133299999982,
          "p95Ms": 117.42258300000003,
          "avgMs": 121.02718319999994,
          "opsPerSecond": 26287.81071107892,
          "usPerOperation": 38.04044433333328
        },
        {
          "count": 5000,
          "samples": [
            208.67250000000058,
            225.94079199999942,
            234.97670800000014,
            228.57045899999957,
            231.18158399999993
          ],
          "minMs": 208.67250000000058,
          "maxMs": 234.97670800000014,
          "medianMs": 228.57045899999957,
          "p95Ms": 231.18158399999993,
          "avgMs": 225.86840859999992,
          "opsPerSecond": 21875.092791409275,
          "usPerOperation": 45.71409179999991
        }
      ],
      "cachedExpressionString": [
        {
          "count": 1000,
          "samples": [
            26.371209000000135,
            28.56750000000011,
            26.91258300000004,
            24.764249999999947,
            26.49979200000007
          ],
          "minMs": 24.764249999999947,
          "maxMs": 28.56750000000011,
          "medianMs": 26.49979200000007,
          "p95Ms": 26.91258300000004,
          "avgMs": 26.62306680000006,
          "opsPerSecond": 37736.14524974375,
          "usPerOperation": 26.49979200000007
        },
        {
          "count": 3000,
          "samples": [
            97.04454200000009,
            111.07566700000007,
            127.57691699999987,
            119.11866700000019,
            125.32450000000017
          ],
          "minMs": 97.04454200000009,
          "maxMs": 127.57691699999987,
          "medianMs": 119.11866700000019,
          "p95Ms": 125.32450000000017,
          "avgMs": 116.02805860000008,
          "opsPerSecond": 25184.96953966078,
          "usPerOperation": 39.7062223333334
        },
        {
          "count": 5000,
          "samples": [
            187.1481249999997,
            232.8513750000002,
            241.37824999999975,
            221.91599999999926,
            278.3030839999992
          ],
          "minMs": 187.1481249999997,
          "maxMs": 278.3030839999992,
          "medianMs": 232.8513750000002,
          "p95Ms": 241.37824999999975,
          "avgMs": 232.3193667999996,
          "opsPerSecond": 21472.92452105982,
          "usPerOperation": 46.57027500000004
        }
      ]
    },
    "update": {
      "singleMutationWithActiveBindings": [
        {
          "count": 1000,
          "samples": [
            0.16891600000053586,
            0.23087499999928696,
            0.1382080000003043,
            0.13279099999999744,
            0.10858300000109011,
            0.1529580000005808,
            0.12966600000072503,
            0.09550000000126602,
            0.10258299999986775,
            0.09041600000091421,
            0.11762499999895226,
            0.18958300000122108,
            0.10487499999726424,
            0.11712500000066939,
            0.09120899999834364,
            0.1385420000005979,
            0.08866699999998673,
            0.11041599999953178,
            0.10345799999777228,
            0.09091600000101607,
            0.10362500000337604,
            0.08816699999806588,
            0.1404160000020056,
            0.10987500000192085,
            0.08750000000145519,
            0.1450829999994312,
            0.09770899999784888,
            0.08837499999935972,
            0.0897079999995185,
            0.11187499999869033
          ],
          "minMs": 0.08750000000145519,
          "maxMs": 0.23087499999928696,
          "medianMs": 0.10922900000150548,
          "p95Ms": 0.16891600000053586,
          "avgMs": 0.1188415000000532,
          "operationsPerFrame16_67ms": 152.61514798973022
        },
        {
          "count": 3000,
          "samples": [
            0.06725000000005821,
            0.07933300000149757,
            0.06804100000226754,
            0.09958299999925657,
            0.060124999999970896,
            0.0771660000027623,
            0.07316700000228593,
            0.08008300000074087,
            0.08675000000221189,
            0.07079099999828031,
            0.07312500000261934,
            0.08537499999511056,
            0.07208300000638701,
            0.09512499999982538,
            0.0757919999959995,
            0.07841600000392646,
            0.0718330000017886,
            0.07529200000135461,
            0.1033750000060536,
            0.09612500000366708,
            0.16079200000240235,
            0.08220900000014808,
            0.07329200000094716,
            0.09362500000133878,
            0.07529199999407865,
            0.07191700000112178,
            0.0647499999977299,
            0.07920900000317488,
            0.08220799999980954,
            0.06791599999996834
          ],
          "minMs": 0.060124999999970896,