{
  "generatedAt": "2026-03-14T14:04:01.548Z",
  "environment": {
    "nodeVersion": "v25.4.0",
    "platform": "darwin",
    "arch": "arm64",
    "rssMb": 89
  },
  "config": {
    "parseCounts": [
      1000,
      5000,
      10000
    ],
    "bindCounts": [
      1000,
      3000,
      5000
    ],
    "updateCounts": [
      1000,
      3000,
      5000
    ],
    "runs": {
      "parse": 7,
      "bind": 5,
      "updateSingle": 30,
      "updateBulk": 10
    },
    "warmups": {
      "parse": 1,
      "bind": 1,
      "updateSingle": 3,
      "updateBulk": 2
    }
  },
  "sections": {
    "parse": [
      {
        "count": 1000,
        "samples": [
          7.5093749999999915,
          8.736334,
          8.715333999999984,
          8.42425,
          8.408416999999986,
          9.099958000000015,
          8.802167000000026
        ],
        "minMs": 7.5093749999999915,
        "maxMs": 9.099958000000015,
        "medianMs": 8.715333999999984,
        "p95Ms": 8.802167000000026,
        "avgMs": 8.52797642857143,
        "opsPerSecond": 114740.29566738369,
        "usPerOperation": 8.715333999999984
      },
      {
        "count": 5000,
        "samples": [
          30.733417000000003,
          31.24158299999999,
          29.49995899999999,
          31.559083000000044,
          21.223792000000003,
          23.399625000000015,
          25.610250000000008
        ],
        "minMs": 21.223792000000003,
        "maxMs": 31.559083000000044,
        "medianMs": 29.49995899999999,
        "p95Ms": 31.24158299999999,
        "avgMs": 27.609672714285722,
        "opsPerSecond": 169491.76098854924,
        "usPerOperation": 5.899991799999998
      },
      {
        "count": 10000,
        "samples": [
          42.169083,
          44.95595800000001,
          37.98975000000007,
          42.521999999999935,
          40.828209000000015,
          39.93912499999999,
          41.33191700000009
        ],
        "minMs": 37.98975000000007,
        "maxMs": 44.95595800000001,
        "medianMs": 41.33191700000009,
        "p95Ms": 42.521999999999935,
        "avgMs": 41.39086314285716,
        "opsPerSecond": 241943.77434755757,
        "usPerOperation": 4.133191700000009
      }
    ],
    "bind": {
      "uniqueExpressionPerBinding": [
        {
          "count": 1000,
          "samples": [
            39.835459000000014,
            33.475165999999945,
            33.22604100000001,
            31.64954200000011,
            31.41095899999982
          ],
          "minMs": 31.41095899999982,
          "maxMs": 39.835459000000014,
          "medianMs": 33.22604100000001,
          "p95Ms": 33.475165999999945,
          "avgMs": 33.91943339999998,
          "opsPerSecond": 30096.874918080062,
          "usPerOperation": 33.22604100000001
        },
        {
          "count": 3000,
          "samples": [
            106.53649999999993,
            113.89025000000015,
            107.25991700000031,
            111.428042,
            117.49029199999995
          ],
          "minMs": 106.53649999999993,
          "maxMs": 117.49029199999995,
          "medianMs": 111.428042,
          "p95Ms": 113.89025000000015,
          "avgMs": 111.32100020000007,
          "opsPerSecond": 26923.204842816856,
          "usPerOperation": 37.142680666666664
        },
        {
          "count": 5000,
          "samples": [
            194.7240409999995,
            208.18916700000045,
            212.67000000000007,
            213.10191699999996,
            209.22199999999975
          ],
          "minMs": 194.7240409999995,
          "maxMs": 213.10191699999996,
          "medianMs": 209.22199999999975,
          "p95Ms": 212.67000000000007,
          "avgMs": 207.58142499999994,
          "opsPerSecond": 23898.060433415252,
          "usPerOperation": 41.84439999999995
        }
      ],
      "cachedExpressionString": [
        {
          "count": 1000,
          "samples": [
            29.504291000000194,
            25.739916999999878,
            25.58962500000007,
            24.91037499999993,
            25.25020799999993
          ],
          "minMs": 24.91037499999993,
          "maxMs": 29.504291000000194,
          "medianMs": 25.58962500000007,
          "p95Ms": 25.739916999999878,
          "avgMs": 26.1988832,
          "opsPerSecond": 39078.33741213469,
          "usPerOperation": 25.58962500000007
        },
        {
          "count": 3000,
          "samples": [
            93.67491699999982,
            111.64558399999987,
            113.53475000000026,
            117.75029200000017,
            118.8722499999999
          ],
          "minMs": 93.67491699999982,
          "maxMs": 118.8722499999999,
          "medianMs": 113.53475000000026,
          "p95Ms": 117.75029200000017,
          "avgMs": 111.0955586,
          "opsPerSecond": 26423.62800816484,
          "usPerOperation": 37.844916666666755
        },
        {
          "count": 5000,
          "samples": [
            176.76420899999994,
            208.46224999999959,
            205.69958299999962,
            204.73495899999944,
            227.72470899999826
          ],
          "minMs": 176.76420899999994,
          "maxMs": 227.72470899999826,
          "medianMs": 205.69958299999962,
          "p95Ms": 208.46224999999959,
          "avgMs": 204.67714199999938,
          "opsPerSecond": 24307.292834910655,
          "usPerOperation": 41.13991659999993
        }
      ]
    },
    "update": {
      "singleMutationWithActiveBindings": [
        {
          "count": 1000,
          "samples": [
            0.2237089999998716,
            0.12383299999964947,
            0.12529100000028848,
            0.12183399999958056,
            0.09716699999989942,
            0.13004199999886623,
            0.12175000000024738,
            0.10191599999961909,
            0.09241600000132166,
            0.08858300000065356,
            0.10987499999828287,
            0.08370900000045367,
            0.09695800000008603,
            0.09295899999960966,
            0.08408299999973678,
            0.11691599999903701,
            0.12308300000222516,
            0.08987499999784632,
            0.08866699999998673,
            0.08604099999865866,
            0.1350830000010319,
            0.08208300000114832,
            0.08787500000107684,
            0.08587500000066939,
            0.08258399999976973,
            0.1051660000011907,
            0.08175000000119326,
            0.09233299999687006,
            0.09454199999890989,
            0.12270800000260351
          ],
          "minMs": 0.08175000000119326,
          "maxMs": 0.2237089999998716,
          "medianMs": 0.09574999999949796,
          "p95Ms": 0.13004199999886623,
          "avgMs": 0.10562353333334613,
          "operationsPerFrame16_67ms": 174.09921671109564
        },
        {
          "count": 3000,
          "samples": [
            0.07529200000135461,
            0.06624999999985448,
            0.06816699999762932,
            0.07995799999844166,
            0.06550000000061118,
            0.06820900000093388,
            0.08116700000027777,
            0.06983400000171969,
            0.07958399999915855,
            0.060291999998298706,
            0.07595800000126474,
            0.07325000000128057,
            0.061083000000508036,
            0.09129199999733828,
            0.06766599999536993,
            0.06591599999956088,
            0.07245799999509472,
            0.07991700000275159,
            0.08099999999831198,
            0.06295899999531684,
            0.06504200000199489,
            0.06600000000617001,
            0.06354200000350829,
            0.08770899999944959,
            0.0947909999958938,
            0.06945900000573602,
            0.08120799999596784,
            0.06708299999445444,
            0.0874580000017886,
            0.0652090000003227
          ],
          "minMs": 0.060291999998298706,