{
  "generatedAt": "2026-03-14T14:01:48.577Z",
  "environment": {
    "nodeVersion": "v25.4.0",
    "platform": "darwin",
    "arch": "arm64",
    "rssMb": 90
  },
  "config": {
    "parseCounts": [
      1000,
      5000,
      10000
    ],
    "bindCounts": [
      1000,
      3000,
      5000
    ],
    "updateCounts": [
      1000,
      3000,
      5000
    ],
    "runs": {
      "parse": 7,
      "bind": 5,
      "updateSingle": 30,
      "updateBulk": 10
    },
    "warmups": {
      "parse": 1,
      "bind": 1,
      "updateSingle": 3,
      "updateBulk": 2
    }
  },
  "sections": {
    "parse": [
      {
        "count": 1000,
        "samples": [
          4.518000000000001,
          9.36012500000001,
          9.196584000000001,
          8.619040999999982,
          8.727125000000001,
          8.72637499999999,
          8.74891599999998
        ],
        "minMs": 4.518000000000001,
        "maxMs": 9.36012500000001,
        "medianMs": 8.727125000000001,
        "p95Ms": 9.196584000000001,
        "avgMs": 8.270880857142853,
        "opsPerSecond": 114585.27292779693,
        "usPerOperation": 8.727125
      },
      {
        "count": 5000,
        "samples": [
          31.110124999999982,
          32.10699999999997,
          29.916082999999958,
          26.239959,
          19.55954200000002,
          29.072374999999965,
          25.44591700000001
        ],
        "minMs": 19.55954200000002,
        "maxMs": 32.10699999999997,
        "medianMs": 29.072374999999965,
        "p95Ms": 31.110124999999982,
        "avgMs": 27.635857285714273,
        "opsPerSecond": 171984.57298380355,
        "usPerOperation": 5.814474999999993
      },
      {
        "count": 10000,
        "samples": [
          36.720582999999976,
          33.00108300000005,
          62.877958000000035,
          39.212042,
          41.62716599999999,
          37.75937499999998,
          40.26054199999999
        ],
        "minMs": 33.00108300000005,
        "maxMs": 62.877958000000035,
        "medianMs": 39.212042,
        "p95Ms": 41.62716599999999,
        "avgMs": 41.636964142857146,
        "opsPerSecond": 255023.69909733345,
        "usPerOperation": 3.9212041999999996
      }
    ],
    "bind": {
      "uniqueExpressionPerBinding": [
        {
          "count": 1000,
          "samples": [
            40.60812499999997,
            32.860833999999954,
            31.307124999999928,
            32.70554200000004,
            29.37850000000003
          ],
          "minMs": 29.37850000000003,
          "maxMs": 40.60812499999997,
          "medianMs": 32.70554200000004,
          "p95Ms": 32.860833999999954,
          "avgMs": 33.37202519999998,
          "opsPerSecond": 30575.857755239125,
          "usPerOperation": 32.70554200000004
        },
        {
          "count": 3000,
          "samples": [
            102.98029199999996,
            113.06712500000003,
            104.64183300000013,
            110.0915829999999,
            116.59137499999997
          ],
          "minMs": 102.98029199999996,
          "maxMs": 116.59137499999997,
          "medianMs": 110.0915829999999,
          "p95Ms": 113.06712500000003,
          "avgMs": 109.4744416,
          "opsPerSecond": 27250.039632911834,
          "usPerOperation": 36.6971943333333
        },
        {
          "count": 5000,
          "samples": [
            192.23329100000046,
            202.4997089999997,
            208.45695799999976,
            210.53770799999984,
            211.69445899999937
          ],
          "minMs": 192.23329100000046,
          "maxMs": 211.69445899999937,
          "medianMs": 208.45695799999976,
          "p95Ms": 210.53770799999984,
          "avgMs": 205.08442499999984,
          "opsPerSecond": 23985.766884308105,
          "usPerOperation": 41.69139159999995
        }
      ],
      "cachedExpressionString": [
        {
          "count": 1000,
          "samples": [
            26.611625000000004,
            26.35583399999996,
            25.48854099999994,
            24.63779199999999,
            25.707875000000058
          ],
          "minMs": 24.63779199999999,
          "maxMs": 26.611625000000004,
          "medianMs": 25.707875000000058,
          "p95Ms": 26.35583399999996,
          "avgMs": 25.76033339999999,
          "opsPerSecond": 38898.586522612146,
          "usPerOperation": 25.707875000000058
        },
        {
          "count": 3000,
          "samples": [
            93.70079099999975,
            106.14137500000015,
            113.85037499999999,
            117.62020900000016,
            121.4114169999998
          ],
          "minMs": 93.70079099999975,
          "maxMs": 121.4114169999998,
          "medianMs": 113.85037499999999,
          "p95Ms": 117.62020900000016,
          "avgMs": 110.54483339999997,
          "opsPerSecond": 26350.37434000547,
          "usPerOperation": 37.95012499999999
        },
        {
          "count": 5000,
          "samples": [
            175.96658300000036,
            198.05445800000052,
            210.30633399999988,
            205.496083,
            244.6966250000005
          ],
          "minMs": 175.96658300000036,
          "maxMs": 244.6966250000005,
          "medianMs": 205.496083,
          "p95Ms": 210.30633399999988,
          "avgMs": 206.90401660000026,
          "opsPerSecond": 24331.364019235345,
          "usPerOperation": 41.0992166
        }
      ]
    },
    "update": {
      "singleMutationWithActiveBindings": [
        {
          "count": 1000,
          "samples": [
            0.16658299999835435,
            0.17229199999928824,
            0.13558399999965332,
            0.1445000000003347,
            0.1099579999990965,
            0.14175000000068394,
            0.13016699999934644,
            0.10187500000029104,
            0.11720799999966403,
            0.08695799999986775,
            0.14745899999979883,
            0.07791699999870616,
            0.09324999999989814,
            0.0926660000004631,
            0.07954100000097242,
            0.10104199999841512,
            0.09454200000254787,
            0.09570800000074087,
            0.09079099999871687,
            0.08870799999931478,
            0.1627500000031432,
            0.08391599999958999,
            0.12208299999838346,
            0.08208299999751034,
            0.08104200000161654,
            0.1830420000005688,
            0.09129200000097626,
            0.08883300000161398,
            0.09358299999803421,
            0.09170799999992596
          ],
          "minMs": 0.07791699999870616,
          "maxMs": 0.1830420000005688,
          "medianMs": 0.09512500000164437,
          "p95Ms": 0.16658299999835435,
          "avgMs": 0.11162769999991724,
          "operationsPerFrame16_67ms": 175.2431011796251
        },
        {
          "count": 3000,
          "samples": [
            0.08604200000263518,
            0.09583399999974063,
            0.06899999999950523,
            0.07979200000045239,
            0.07433399999717949,
            0.0767089999972086,
            0.09808300000076997,
            0.06895799999983865,
            0.11487499999930151,
            0.06537500000194996,
            0.07595800000126474,
            0.07095899999694666,
            0.07187500000145519,
            0.08220900000014808,
            0.08116599999630125,
            0.06812500000523869,
            0.0660409999982221,
            0.06616600000415929,
            0.08154199999989942,
            0.09312499999941792,
            0.06995800000004238,
            0.06441600000107428,
            0.09458299999823794,
            0.08733399999618996,
            0.06850000000122236,
            0.0654999999969732,
            0.06154200000310084,
            0.06254099999932805,
            0.08249999999679858,
            0.08174999999755528
          ],
          "minMs": 0.06154200000310084,
          "maxMs": 0.11487499999930151,