{
  "generatedAt": "2026-03-14T14:46:53.734Z",
  "environment": {
    "nodeVersion": "v25.4.0",
    "platform": "darwin",
    "arch": "arm64",
    "rssMb": 76
  },
  "config": {
    "parseCounts": [
      1000,
      5000,
      10000
    ],
    "bindCounts": [
      1000,
      3000,
      5000
    ],
    "updateCounts": [
      1000,
      3000,
      5000
    ],
    "runs": {
      "parse": 7,
      "bind": 5,
      "updateSingle": 30,
      "updateBulk": 10
    },
    "warmups": {
      "parse": 1,
      "bind": 1,
      "updateSingle": 3,
      "updateBulk": 2
    }
  },
  "sections": {
    "parse": [
      {
        "count": 1000,
        "samples": [
          4.596000000000004,
          8.93912499999999,
          8.708416,
          8.536374999999992,
          9.317374999999998,
          8.820499999999981,
          10.081084000000004
        ],
        "minMs": 4.596000000000004,
        "maxMs": 10.081084000000004,
        "medianMs": 8.820499999999981,
        "p95Ms": 9.317374999999998,
        "avgMs": 8.42841071428571,
        "opsPerSecond": 113372.25780851449,
        "usPerOperation": 8.820499999999981
      },
      {
        "count": 5000,
        "samples": [
          31.093458000000027,
          32.099625,
          30.18900000000002,
          26.269082999999966,
          20.798917000000017,
          26.502665999999977,
          26.113999999999976
        ],
        "minMs": 20.798917000000017,
        "maxMs": 32.099625,
        "medianMs": 26.502665999999977,
        "p95Ms": 31.093458000000027,
        "avgMs": 27.58096414285714,
        "opsPerSecond": 188660.26534839947,
        "usPerOperation": 5.300533199999995
      },
      {
        "count": 10000,
        "samples": [
          36.29875000000004,
          34.18725000000006,
          39.15112499999998,
          39.36037500000009,
          41.506665999999996,
          38.718208000000004,
          35.163625000000025
        ],
        "minMs": 34.18725000000006,
        "maxMs": 41.506665999999996,
        "medianMs": 38.718208000000004,
        "p95Ms": 39.36037500000009,
        "avgMs": 37.76942842857146,
        "opsPerSecond": 258276.41609859627,
        "usPerOperation": 3.8718208000000005
      }
    ],
    "bind": {
      "uniqueExpressionPerBinding": [
        {
          "count": 1000,
          "samples": [
            38.55670800000007,
            32.441374999999994,
            32.56841600000007,
            33.76591600000006,
            30.157500000000027
          ],
          "minMs": 30.157500000000027,
          "maxMs": 38.55670800000007,
          "medianMs": 32.56841600000007,
          "p95Ms": 33.76591600000006,
          "avgMs": 33.49798300000005,
          "opsPerSecond": 30704.594291598274,
          "usPerOperation": 32.56841600000007
        },
        {
          "count": 3000,
          "samples": [
            104.75045799999998,
            107.71016600000007,
            110.0294170000002,
            113.36200000000008,
            122.23762499999975
          ],
          "minMs": 104.75045799999998,
          "maxMs": 122.23762499999975,
          "medianMs": 110.0294170000002,
          "p95Ms": 113.36200000000008,
          "avgMs": 111.61793320000001,
          "opsPerSecond": 27265.435751604455,
          "usPerOperation": 36.67647233333339
        },
        {
          "count": 5000,
          "samples": [
            198.73470800000086,
            209.51995799999986,
            210.74225000000024,
            217.51566699999967,
            207.3577919999998
          ],
          "minMs": 198.73470800000086,
          "maxMs": 217.51566699999967,
          "medianMs": 209.51995799999986,
          "p95Ms": 210.74225000000024,
          "avgMs": 208.7740750000001,
          "opsPerSecond": 23864.075039572144,
          "usPerOperation": 41.903991599999976
        }
      ],
      "cachedExpressionString": [
        {
          "count": 1000,
          "samples": [
            25.31354199999987,
            29.566958000000113,
            24.54145900000003,
            25.12170900000001,
            27.719833000000108
          ],
          "minMs": 24.54145900000003,
          "maxMs": 29.566958000000113,
          "medianMs": 25.31354199999987,
          "p95Ms": 27.719833000000108,
          "avgMs": 26.452700200000027,
          "opsPerSecond": 39504.54661777499,
          "usPerOperation": 25.31354199999987
        },
        {
          "count": 3000,
          "samples": [
            94.37758299999996,
            107.5830420000002,
            118.84349999999995,
            116.32137499999999,
            122.7512499999998
          ],
          "minMs": 94.37758299999996,
          "maxMs": 122.7512499999998,
          "medianMs": 116.32137499999999,
          "p95Ms": 118.84349999999995,
          "avgMs": 111.97534999999998,
          "opsPerSecond": 25790.61672886862,
          "usPerOperation": 38.77379166666666
        },
        {
          "count": 5000,
          "samples": [
            184.893916,
            206.4956659999998,
            219.98383399999875,
            208.85162499999933,
            248.1563330000008
          ],
          "minMs": 184.893916,
          "maxMs": 248.1563330000008,
          "medianMs": 208.85162499999933,
          "p95Ms": 219.98383399999875,
          "avgMs": 213.67627479999973,
          "opsPerSecond": 23940.44097095254,
          "usPerOperation": 41.770324999999865
        }
      ]
    },
    "update": {
      "singleMutationWithActiveBindings": [
        {
          "count": 1000,
          "samples": [
            0.17216600000028848,
            0.1292090000006283,
            0.1413749999992433,
            0.11000000000058208,
            0.11258300000008603,
            0.14079099999980826,
            0.19891699999971024,
            0.115458000000217,
            0.08841599999868777,
            0.07849999999962165,
            0.136000000000422,
            0.09954199999992852,
            0.0887910000001284,
            0.1037079999987327,
            0.09204199999840057,
            0.10704199999963748,
            0.12966700000106357,
            0.0895410000011907,
            0.09400000000096043,
            0.09895900000265101,
            0.10591699999713455,
            0.0813750000015716,
            0.08275000000139698,
            0.10454100000060862,
            0.08595799999966403,
            0.10466699999960838,
            0.0764999999992142,
            0.08525000000008731,
            0.08450000000084401,
            0.08466599999883329
          ],
          "minMs": 0.0764999999992142,
          "maxMs": 0.19891699999971024,
          "medianMs": 0.10162499999933061,
          "p95Ms": 0.1413749999992433,
          "avgMs": 0.10742770000003171,
          "operationsPerFrame16_67ms": 164.03444034548394
        },
        {
          "count": 3000,
          "samples": [
            0.06879099999787286,
            0.06895799999983865,
            0.08154099999956088,
            0.09587499999906868,
            0.06491699999969569,
            0.07529200000135461,
            0.07508400000006077,
            0.07120899999790709,
            0.08520800000042072,
            0.06708299999809242,
            0.0738340000025346,
            0.07225000000471482,
            0.06487499999639113,
            0.11887500000011642,
            0.11249999999563443,
            0.07470800000010058,
            0.11908399999811081,
            0.07670800000050804,
            0.09783400000014808,
            0.06741699999838602,
            0.07554200000595301,
            0.07541700000001583,
            0.07620800000586314,
            0.08229199999914272,
            0.06966699999611592,
            0.07654200000251876,
            0.06595799999922747,
            0.0667089999988093,
            0.08258399999613175,
            0.0731660000019474
          ],
          "minMs": 0.06487499999639113,