{
  "generatedAt": "2026-03-14T11:21:32.218Z",
  "environment": {
    "nodeVersion": "v25.4.0",
    "platform": "darwin",
    "arch": "arm64",
    "rssMb": 91
  },
  "config": {
    "parseCounts": [
      1000,
      5000,
      10000
    ],
    "bindCounts": [
      1000,
      3000,
      5000
    ],
    "updateCounts": [
      1000,
      3000,
      5000
    ],
    "runs": {
      "parse": 7,
      "bind": 5,
      "updateSingle": 30,
      "updateBulk": 10
    },
    "warmups": {
      "parse": 1,
      "bind": 1,
      "updateSingle": 3,
      "updateBulk": 2
    }
  },
  "sections": {
    "parse": [
      {
        "count": 1000,
        "samples": [
          9.105666999999997,
          8.82654199999999,
          8.477915999999993,
          8.39658399999999,
          9.110082999999975,
          10.721708000000007,
          8.895083
        ],
        "minMs": 8.39658399999999,
        "maxMs": 10.721708000000007,
        "medianMs": 8.895083,
        "p95Ms": 9.110082999999975,
        "avgMs": 9.076226142857136,
        "opsPerSecond": 112421.66037124106,
        "usPerOperation": 8.895082999999998
      },
      {
        "count": 5000,
        "samples": [
          32.11191699999998,
          32.18708300000003,
          29.491708000000017,
          27.063041999999996,
          20.747415999999987,
          25.79470900000001,
          26.007374999999968
        ],
        "minMs": 20.747415999999987,
        "maxMs": 32.18708300000003,
        "medianMs": 27.063041999999996,
        "p95Ms": 32.11191699999998,
        "avgMs": 27.629035714285713,
        "opsPerSecond": 184753.80557736268,
        "usPerOperation": 5.412608399999999
      },
      {
        "count": 10000,
        "samples": [
          37.67429099999998,
          34.68941699999999,
          40.74208299999998,
          41.33412499999997,
          42.942499999999995,
          39.17670799999996,
          41.82204200000001
        ],
        "minMs": 34.68941699999999,
        "maxMs": 42.942499999999995,
        "medianMs": 40.74208299999998,
        "p95Ms": 41.82204200000001,
        "avgMs": 39.768737999999985,
        "opsPerSecond": 245446.45888625787,
        "usPerOperation": 4.074208299999998
      }
    ],
    "bind": {
      "uniqueExpressionPerBinding": [
        {
          "count": 1000,
          "samples": [
            41.83612500000004,
            40.252250000000004,
            36.12470899999994,
            36.28945800000008,
            35.58012499999995
          ],
          "minMs": 35.58012499999995,
          "maxMs": 41.83612500000004,
          "medianMs": 36.28945800000008,
          "p95Ms": 40.252250000000004,
          "avgMs": 38.0165334,
          "opsPerSecond": 27556.212054751486,
          "usPerOperation": 36.28945800000008
        },
        {
          "count": 3000,
          "samples": [
            116.20245900000009,
            132.27720799999997,
            131.99458300000015,
            131.59733300000016,
            140.16537500000004
          ],
          "minMs": 116.20245900000009,
          "maxMs": 140.16537500000004,
          "medianMs": 131.99458300000015,
          "p95Ms": 132.27720799999997,
          "avgMs": 130.4473916000001,
          "opsPerSecond": 22728.205444612806,
          "usPerOperation": 43.99819433333339
        },
        {
          "count": 5000,
          "samples": [
            242.44108400000005,
            250.95208299999922,
            246.70358399999986,
            248.21191699999963,
            259.3452499999994
          ],
          "minMs": 242.44108400000005,
          "maxMs": 259.3452499999994,
          "medianMs": 248.21191699999963,
          "p95Ms": 250.95208299999922,
          "avgMs": 249.53078359999964,
          "opsPerSecond": 20144.077127449153,
          "usPerOperation": 49.64238339999993
        }
      ],
      "cachedExpressionString": [
        {
          "count": 1000,
          "samples": [
            28.991833999999926,
            30.684208000000126,
            28.523333000000093,
            28.712999999999965,
            30.70033400000011
          ],
          "minMs": 28.523333000000093,
          "maxMs": 30.70033400000011,
          "medianMs": 28.991833999999926,
          "p95Ms": 30.684208000000126,
          "avgMs": 29.522541800000045,
          "opsPerSecond": 34492.47122482843,
          "usPerOperation": 28.991833999999926
        },
        {
          "count": 3000,
          "samples": [
            111.56458399999974,
            114.41245799999979,
            125.41829199999984,
            127.8454999999999,
            233.11662499999966
          ],
          "minMs": 111.56458399999974,
          "maxMs": 233.11662499999966,
          "medianMs": 125.41829199999984,
          "p95Ms": 127.8454999999999,
          "avgMs": 142.4714917999998,
          "opsPerSecond": 23919.955790818804,
          "usPerOperation": 41.806097333333284
        },
        {
          "count": 5000,
          "samples": [
            208.6447079999998,
            245.54495900000074,
            235.1663329999992,
            219.81225000000086,
            246.8926250000004
          ],
          "minMs": 208.6447079999998,
          "maxMs": 246.8926250000004,
          "medianMs": 235.1663329999992,
          "p95Ms": 245.54495900000074,
          "avgMs": 231.2121750000002,
          "opsPerSecond": 21261.546821840424,
          "usPerOperation": 47.03326659999985
        }
      ]
    },
    "update": {
      "singleMutationWithActiveBindings": [
        {
          "count": 1000,
          "samples": [
            0.24479199999950652,
            0.14462499999899592,
            0.14749999999912689,
            0.13962499999979627,
            0.14224999999896681,
            0.18491699999867706,
            0.2593329999999696,
            0.12920800000028976,
            0.12212499999986903,
            0.12391700000080164,
            0.1641249999993306,
            0.11775000000125146,
            0.108209000001807,
            0.11587499999950523,
            0.12625000000116415,
            0.13224999999874854,
            0.1086250000007567,
            0.11745800000062445,
            0.11774999999761349,
            0.11000000000058208,
            0.13166699999783305,
            0.11170899999706307,
            0.11766700000225683,
            0.11433299999771407,
            0.10874999999941792,
            0.19083300000056624,
            0.10587500000110595,
            0.1166670000020531,
            0.13537500000165892,
            0.11195800000132294
          ],
          "minMs": 0.10587500000110595,
          "maxMs": 0.2593329999999696,
          "medianMs": 0.12302100000033533,
          "p95Ms": 0.19083300000056624,
          "avgMs": 0.13671393333327916,
          "operationsPerFrame16_67ms": 135.5053202295101
        },
        {
          "count": 3000,
          "samples": [
            0.09541600000011385,
            0.09245800000280724,
            0.09391700000196579,
            0.12466700000004494,
            0.08587499999703141,
            0.08783299999777228,
            0.09279199999582488,
            0.09170799999992596,
            0.10858299999381416,
            0.08687500000087311,
            0.0904579999987618,
            0.09091600000101607,
            0.13070799999695737,
            0.148165999999037,
            0.07912499999656575,
            0.08695900000020629,
            0.10470899999927497,
            0.08475000000180444,
            0.2321250000022701,
            0.08254100000340259,
            0.0909590000010212,
            0.0899169999975129,
            0.0935410000020056,
            0.1008330000040587,
            0.07995900000241818,
            0.08908399999927497,
            0.08816599999408936,
            0.10816699999850243,
            0.11408300000039162,
            0.13058299999829615
          ],
          "minMs": 0.07912499999656575,