{
  "generatedAt": "2026-03-14T20:45:25.663Z",
  "environment": {
    "nodeVersion": "v25.4.0",
    "platform": "darwin",
    "arch": "arm64",
    "rssMb": 87
  },
  "config": {
    "parseCounts": [
      1000,
      5000,
      10000
    ],
    "bindCounts": [
      1000,
      3000,
      5000
    ],
    "updateCounts": [
      1000,
      3000,
      5000
    ],
    "runs": {
      "parse": 7,
      "bind": 5,
      "updateSingle": 30,
      "updateBulk": 10
    },
    "warmups": {
      "parse": 1,
      "bind": 1,
      "updateSingle": 3,
      "updateBulk": 2
    }
  },
  "sections": {
    "parse": [
      {
        "count": 1000,
        "samples": [
          3.343999999999994,
          9.383708000000013,
          9.90270799999999,
          8.52891600000001,
          8.960250000000002,
          9.017291,
          8.875917000000015
        ],
        "minMs": 3.343999999999994,
        "maxMs": 9.90270799999999,
        "medianMs": 8.960250000000002,
        "p95Ms": 9.383708000000013,
        "avgMs": 8.287541428571432,
        "opsPerSecond": 111604.02890544345,
        "usPerOperation": 8.960250000000002
      },
      {
        "count": 5000,
        "samples": [
          32.71433400000001,
          33.03954100000004,
          30.61787499999997,
          31.73545900000005,
          24.90825000000001,
          24.05562500000002,
          25.950375000000008
        ],
        "minMs": 24.05562500000002,
        "maxMs": 33.03954100000004,
        "medianMs": 30.61787499999997,
        "p95Ms": 32.71433400000001,
        "avgMs": 29.003065571428586,
        "opsPerSecond": 163303.29913490094,
        "usPerOperation": 6.123574999999994
      },
      {
        "count": 10000,
        "samples": [
          43.936959,
          42.891166,
          38.75916600000005,
          43.356708000000026,
          42.96879200000001,
          41.284417000000076,
          44.743875
        ],
        "minMs": 38.75916600000005,
        "maxMs": 44.743875,
        "medianMs": 42.96879200000001,
        "p95Ms": 43.936959,
        "avgMs": 42.56301185714288,
        "opsPerSecond": 232727.04524716447,
        "usPerOperation": 4.296879200000001
      }
    ],
    "bind": {
      "uniqueExpressionPerBinding": [
        {
          "count": 1000,
          "samples": [
            43.67533300000002,
            38.578250000000025,
            37.919250000000034,
            31.505292000000054,
            29.65920899999992
          ],
          "minMs": 29.65920899999992,
          "maxMs": 43.67533300000002,
          "medianMs": 37.919250000000034,
          "p95Ms": 38.578250000000025,
          "avgMs": 36.26746680000001,
          "opsPerSecond": 26371.829611608857,
          "usPerOperation": 37.919250000000034
        },
        {
          "count": 3000,
          "samples": [
            126.13112500000011,
            145.79420800000025,
            128.22037500000033,
            117.95308399999976,
            131.36995799999977
          ],
          "minMs": 117.95308399999976,
          "maxMs": 145.79420800000025,
          "medianMs": 128.22037500000033,
          "p95Ms": 131.36995799999977,
          "avgMs": 129.89375000000004,
          "opsPerSecond": 23397.217485910427,
          "usPerOperation": 42.74012500000011
        },
        {
          "count": 5000,
          "samples": [
            217.95766600000024,
            221.52999999999975,
            238.11933300000055,
            230.63245899999947,
            241.98995900000045
          ],
          "minMs": 217.95766600000024,
          "maxMs": 241.98995900000045,
          "medianMs": 230.63245899999947,
          "p95Ms": 238.11933300000055,
          "avgMs": 230.0458834000001,
          "opsPerSecond": 21679.5156314056,
          "usPerOperation": 46.1264917999999
        }
      ],
      "cachedExpressionString": [
        {
          "count": 1000,
          "samples": [
            26.941917000000103,
            28.16129100000012,
            24.238209000000097,
            26.62479200000007,
            26.21091700000011
          ],
          "minMs": 24.238209000000097,
          "maxMs": 28.16129100000012,
          "medianMs": 26.62479200000007,
          "p95Ms": 26.941917000000103,
          "avgMs": 26.4354252000001,
          "opsPerSecond": 37558.97886451084,
          "usPerOperation": 26.62479200000007
        },
        {
          "count": 3000,
          "samples": [
            99.12037499999997,
            117.49133299999994,
            128.9591660000001,
            125.9658330000002,
            142.99074999999993
          ],
          "minMs": 99.12037499999997,
          "maxMs": 142.99074999999993,
          "medianMs": 125.9658330000002,
          "p95Ms": 128.9591660000001,
          "avgMs": 122.90549140000003,
          "opsPerSecond": 23815.98190995169,
          "usPerOperation": 41.98861100000007
        },
        {
          "count": 5000,
          "samples": [
            196.3622919999998,
            225.2190840000003,
            246.007791,
            229.4513330000009,
            256.20816699999887
          ],
          "minMs": 196.3622919999998,
          "maxMs": 256.20816699999887,
          "medianMs": 229.4513330000009,
          "p95Ms": 246.007791,
          "avgMs": 230.64973339999997,
          "opsPerSecond": 21791.11332510751,
          "usPerOperation": 45.890266600000174
        }
      ]
    },
    "update": {
      "singleMutationWithActiveBindings": [
        {
          "count": 1000,
          "samples": [
            0.32370799999989686,
            0.1358330000002752,
            0.1300840000003518,
            0.11433299999953306,
            0.11045799999919836,
            0.1720839999998134,
            0.13858299999992596,
            0.1380410000001575,
            0.09754199999952107,
            0.10058399999979883,
            0.17966599999999744,
            0.09799999999995634,
            0.10041699999783305,
            0.10812499999883585,
            0.09474999999656575,
            0.12058299999989686,
            0.15891700000065612,
            0.09699999999793363,
            0.13087499999892316,
            0.10141699999803677,
            0.12091599999985192,
            0.09962499999892316,
            0.09433399999761605,
            0.08716699999786215,
            0.09470800000053714,
            0.10662500000034925,
            0.0844169999982114,
            0.09791699999914272,
            0.10391700000036508,
            0.09341600000334438
          ],
          "minMs": 0.0844169999982114,
          "maxMs": 0.32370799999989686,
          "medianMs": 0.10527100000035716,
          "p95Ms": 0.1720839999998134,
          "avgMs": 0.12113473333277701,
          "operationsPerFrame16_67ms": 158.3532026858626
        },
        {
          "count": 3000,
          "samples": [
            0.0777090000010503,
            0.07329200000094716,
            0.07237499999973807,
            0.08966700000019046,
            0.07804200000100536,
            0.08120900000358233,
            0.06824999999662396,
            0.07379200000286801,
            0.10645799999474548,
            0.0733330000002752,
            0.0715829999971902,
            0.09258300000510644,
            0.10866700000042329,
            0.08924999999726424,
            0.0784159999966505,
            0.09887500000331784,
            0.8399159999971744,
            0.19862499999726424,
            0.1073340000002645,
            0.09708300000056624,
            0.07250000000203727,
            0.07179100000212202,
            0.072334000004048,
            0.09083399999508401,
            0.06762500000331784,
            0.07345899999927497,
            0.06270799999765586,
            0.10141700000531273,
            0.09791600000608014,
            0.06704100000206381
          ],
          "minMs": 0.06270799999765586,
          "maxMs": 0.8399159999971744,