{
  "generatedAt": "2026-03-14T08:50:16.035Z",
  "environment": {
    "nodeVersion": "v25.4.0",
    "platform": "darwin",
    "arch": "arm64",
    "rssMb": 89
  },
  "config": {
    "parseCounts": [
      1000,
      5000,
      10000
    ],
    "bindCounts": [
      1000,
      3000,
      5000
    ],
    "updateCounts": [
      1000,
      3000,
      5000
    ],
    "runs": {
      "parse": 7,
      "bind": 5,
      "updateSingle": 30,
      "updateBulk": 10
    },
    "warmups": {
      "parse": 1,
      "bind": 1,
      "updateSingle": 3,
      "updateBulk": 2
    }
  },
  "sections": {
    "parse": [
      {
        "count": 1000,
        "samples": [
          5.651083,
          9.932874999999996,
          10.258707999999999,
          8.510583000000025,
          10.154667000000018,
          10.625458000000009,
          10.130541999999991
        ],
        "minMs": 5.651083,
        "maxMs": 10.625458000000009,
        "medianMs": 10.130541999999991,
        "p95Ms": 10.258707999999999,
        "avgMs": 9.323416571428577,
        "opsPerSecond": 98711.40162095975,
        "usPerOperation": 10.13054199999999
      },
      {
        "count": 5000,
        "samples": [
          28.714459000000005,
          31.159125000000017,
          32.85166600000002,
          28.45666600000004,
          24.86824999999999,
          25.46516600000001,
          26.93483299999997
        ],
        "minMs": 24.86824999999999,
        "maxMs": 32.85166600000002,
        "medianMs": 28.45666600000004,
        "p95Ms": 31.159125000000017,
        "avgMs": 28.35002357142858,
        "opsPerSecond": 175705.75555126497,
        "usPerOperation": 5.691333200000008
      },
      {
        "count": 10000,
        "samples": [
          41.595083999999986,
          45.71629199999995,
          41.54933299999993,
          47.14554200000009,
          44.399208000000044,
          42.405250000000024,
          46.24649999999997
        ],
        "minMs": 41.54933299999993,
        "maxMs": 47.14554200000009,
        "medianMs": 44.399208000000044,
        "p95Ms": 46.24649999999997,
        "avgMs": 44.15102985714286,
        "opsPerSecond": 225229.2428279349,
        "usPerOperation": 4.439920800000004
      }
    ],
    "bind": {
      "uniqueExpressionPerBinding": [
        {
          "count": 1000,
          "samples": [
            45.65895899999998,
            49.69045900000003,
            35.34187499999996,
            36.083167,
            35.00062500000013
          ],
          "minMs": 35.00062500000013,
          "maxMs": 49.69045900000003,
          "medianMs": 36.083167,
          "p95Ms": 45.65895899999998,
          "avgMs": 40.35501700000002,
          "opsPerSecond": 27713.75361813446,
          "usPerOperation": 36.083167
        },
        {
          "count": 3000,
          "samples": [
            113.38516700000014,
            114.31008299999985,
            122.77504199999976,
            135.28020799999967,
            148.48920799999996
          ],
          "minMs": 113.38516700000014,
          "maxMs": 148.48920799999996,
          "medianMs": 122.77504199999976,
          "p95Ms": 135.28020799999967,
          "avgMs": 126.84794159999987,
          "opsPerSecond": 24434.93360808629,
          "usPerOperation": 40.92501399999992
        },
        {
          "count": 5000,
          "samples": [
            220.23479100000077,
            230.77258400000028,
            257.2764589999997,
            246.86654200000066,
            251.89316699999927
          ],
          "minMs": 220.23479100000077,
          "maxMs": 257.2764589999997,
          "medianMs": 246.86654200000066,
          "p95Ms": 251.89316699999927,
          "avgMs": 241.40870860000012,
          "opsPerSecond": 20253.858459280345,
          "usPerOperation": 49.373308400000134
        }
      ],
      "cachedExpressionString": [
        {
          "count": 1000,
          "samples": [
            28.12583299999983,
            29.448082999999997,
            28.396374999999807,
            27.588834000000134,
            27.677208999999948
          ],
          "minMs": 27.588834000000134,
          "maxMs": 29.448082999999997,
          "medianMs": 28.12583299999983,
          "p95Ms": 28.396374999999807,
          "avgMs": 28.24726679999994,
          "opsPerSecond": 35554.502510201426,
          "usPerOperation": 28.125832999999833
        },
        {
          "count": 3000,
          "samples": [
            108.21341600000005,
            117.09112500000037,
            128.20991600000025,
            127.01091600000018,
            129.45279200000004
          ],
          "minMs": 108.21341600000005,
          "maxMs": 129.45279200000004,
          "medianMs": 127.01091600000018,
          "p95Ms": 128.20991600000025,
          "avgMs": 121.99563300000018,
          "opsPerSecond": 23620.017038535458,
          "usPerOperation": 42.33697200000006
        },
        {
          "count": 5000,
          "samples": [
            187.19220799999948,
            239.30566699999963,
            233.4040410000016,
            216.30545800000073,
            266.65799999999945
          ],
          "minMs": 187.19220799999948,
          "maxMs": 266.65799999999945,
          "medianMs": 233.4040410000016,
          "p95Ms": 239.30566699999963,
          "avgMs": 228.57307480000017,
          "opsPerSecond": 21422.07983451309,
          "usPerOperation": 46.68080820000032
        }
      ]
    },
    "update": {
      "singleMutationWithActiveBindings": [
        {
          "count": 1000,
          "samples": [
            0.1866250000002765,
            0.176792000000205,
            0.15408300000126474,
            0.12720900000022084,
            0.11208299999998417,
            0.15737500000068394,
            0.15141600000060862,
            0.11312499999985448,
            0.10362499999973807,
            0.11766700000043784,
            0.1224579999998241,
            0.10675000000082946,
            0.10995800000091549,
            0.10983300000043528,
            0.10441699999864795,
            0.1525839999994787,
            0.09995799999887822,
            0.11245899999994435,
            0.15600000000267755,
            0.11258300000190502,
            0.12920800000210875,
            0.1040419999990263,
            0.11254200000257697,
            0.14558300000135205,
            0.12274999999863212,
            0.5493329999990237,
            0.12029199999960838,
            0.14366599999993923,
            0.10879199999908451,
            0.10929099999702885
          ],
          "minMs": 0.09995799999887822,
          "maxMs": 0.5493329999990237,
          "medianMs": 0.11897950000002311,
          "p95Ms": 0.176792000000205,
          "avgMs": 0.14108330000017305,
          "operationsPerFrame16_67ms": 140.1081698947866
        },
        {
          "count": 3000,
          "samples": [
            0.10425000000032014,
            0.1071669999982987,
            0.08370800000193412,
            0.11091600000145263,
            0.08758300000044983,
            0.09308400000008987,
            0.08579200000167475,
            0.12070799999855808,
            0.12795900000128313,
            0.08712500000183354,
            0.08137499999793363,
            0.09062499999708962,
            0.08479100000113249,
            0.10062499999912689,
            0.1250419999996666,
            0.09362499999406282,
            0.08862499999668216,
            0.08679100000153994,
            0.11254100000223843,
            0.08116600000357721,
            0.08150000000023283,
            0.11750000000029104,
            0.09258299999783048,
            0.10224999999627471,
            0.09133399999700487,
            0.08037500000500586,
            0.15541700000176206,
            0.09033300000010058,
            0.1060829999987618,
            0.09487500000250293
          ],
          "minMs": 0.08037500000500586,