{
  "generatedAt": "2026-03-14T20:46:42.313Z",
  "environment": {
    "nodeVersion": "v25.4.0",
    "platform": "darwin",
    "arch": "arm64",
    "rssMb": 87
  },
  "config": {
    "parseCounts": [
      1000,
      5000,
      10000
    ],
    "bindCounts": [
      1000,
      3000,
      5000
    ],
    "updateCounts": [
      1000,
      3000,
      5000
    ],
    "runs": {
      "parse": 7,
      "bind": 5,
      "updateSingle": 30,
      "updateBulk": 10
    },
    "warmups": {
      "parse": 1,
      "bind": 1,
      "updateSingle": 3,
      "updateBulk": 2
    }
  },
  "sections": {
    "parse": [
      {
        "count": 1000,
        "samples": [
          13.868041000000005,
          9.040875,
          8.946249999999992,
          8.502791000000002,
          8.452416999999997,
          8.838499999999982,
          8.791333000000009
        ],
        "minMs": 8.452416999999997,
        "maxMs": 13.868041000000005,
        "medianMs": 8.838499999999982,
        "p95Ms": 9.040875,
        "avgMs": 9.491458142857141,
        "opsPerSecond": 113141.37014199265,
        "usPerOperation": 8.838499999999982
      },
      {
        "count": 5000,
        "samples": [
          31.117166999999995,
          31.192458999999985,
          30.356333000000006,
          27.230665999999985,
          20.162125000000003,
          29.770708000000013,
          25.900792000000024
        ],
        "minMs": 20.162125000000003,
        "maxMs": 31.192458999999985,
        "medianMs": 29.770708000000013,
        "p95Ms": 31.117166999999995,
        "avgMs": 27.96146428571429,
        "opsPerSecond": 167950.32217574393,
        "usPerOperation": 5.9541416000000025
      },
      {
        "count": 10000,
        "samples": [
          34.83654200000001,
          33.669500000000085,
          38.942957999999976,
          42.816374999999994,
          44.145374999999945,
          38.43141600000001,
          40.991083
        ],
        "minMs": 33.669500000000085,
        "maxMs": 44.145374999999945,
        "medianMs": 38.942957999999976,
        "p95Ms": 42.816374999999994,
        "avgMs": 39.119035571428576,
        "opsPerSecond": 256785.83532355214,
        "usPerOperation": 3.894295799999998
      }
    ],
    "bind": {
      "uniqueExpressionPerBinding": [
        {
          "count": 1000,
          "samples": [
            43.159625000000005,
            32.85541699999999,
            33.92154199999993,
            32.18016699999998,
            32.50620799999979
          ],
          "minMs": 32.18016699999998,
          "maxMs": 43.159625000000005,
          "medianMs": 32.85541699999999,
          "p95Ms": 33.92154199999993,
          "avgMs": 34.92459179999994,
          "opsPerSecond": 30436.381312707137,
          "usPerOperation": 32.85541699999999
        },
        {
          "count": 3000,
          "samples": [
            113.45337500000005,
            123.50629200000003,
            119.50891599999977,
            125.4414999999999,
            125.44691700000021
          ],
          "minMs": 113.45337500000005,
          "maxMs": 125.44691700000021,
          "medianMs": 123.50629200000003,
          "p95Ms": 125.4414999999999,
          "avgMs": 121.47139999999999,
          "opsPerSecond": 24290.260450860264,
          "usPerOperation": 41.16876400000001
        },
        {
          "count": 5000,
          "samples": [
            208.17370800000026,
            215.61812499999996,
            232.1424590000006,
            218.46954199999982,
            228.88312499999938
          ],
          "minMs": 208.17370800000026,
          "maxMs": 232.1424590000006,
          "medianMs": 218.46954199999982,
          "p95Ms": 228.88312499999938,
          "avgMs": 220.6573918,
          "opsPerSecond": 22886.48547631415,
          "usPerOperation": 43.69390839999996
        }
      ],
      "cachedExpressionString": [
        {
          "count": 1000,
          "samples": [
            26.604249999999865,
            28.186291999999867,
            23.758959000000004,
            25.72508300000004,
            25.501874999999927
          ],
          "minMs": 23.758959000000004,
          "maxMs": 28.186291999999867,
          "medianMs": 25.72508300000004,
          "p95Ms": 26.604249999999865,
          "avgMs": 25.95529179999994,
          "opsPerSecond": 38872.56651416823,
          "usPerOperation": 25.725083000000044
        },
        {
          "count": 3000,
          "samples": [
            98.621083,
            111.1440419999999,
            129.02837499999987,
            121.14979100000028,
            127.78016599999955
          ],
          "minMs": 98.621083,
          "maxMs": 129.02837499999987,
          "medianMs": 121.14979100000028,
          "p95Ms": 127.78016599999955,
          "avgMs": 117.54469139999992,
          "opsPerSecond": 24762.733598112383,
          "usPerOperation": 40.38326366666676
        },
        {
          "count": 5000,
          "samples": [
            192.21920800000044,
            249.00283299999955,
            225.57725000000028,
            247.53816599999845,
            273.44487500000105
          ],
          "minMs": 192.21920800000044,
          "maxMs": 273.44487500000105,
          "medianMs": 247.53816599999845,
          "p95Ms": 249.00283299999955,
          "avgMs": 237.55646639999995,
          "opsPerSecond": 20198.905408388746,
          "usPerOperation": 49.50763319999969
        }
      ]
    },
    "update": {
      "singleMutationWithActiveBindings": [
        {
          "count": 1000,
          "samples": [
            0.13829099999929895,
            0.13862500000141154,
            0.1270409999997355,
            0.11254100000041944,
            0.1112089999987802,
            0.16066700000010314,
            0.1375000000007276,
            0.1095420000001468,
            0.09758300000066811,
            0.0974580000001879,
            0.11570799999935844,
            0.09162500000093132,
            0.10104100000171456,
            0.1270409999997355,
            0.09404200000062701,
            0.12450000000171713,
            0.11112499999944703,
            0.09341700000004494,
            0.09170799999992596,
            0.09187499999825377,
            0.10666700000001583,
            0.09504200000083074,
            0.09237500000017462,
            0.11587499999950523,
            0.09141699999963748,
            0.15933399999994435,
            0.09312499999941792,
            0.09712500000023283,
            0.0925409999981639,
            0.10020799999983865
          ],
          "minMs": 0.09141699999963748,
          "maxMs": 0.16066700000010314,
          "medianMs": 0.1038540000008652,
          "p95Ms": 0.13862500000141154,
          "avgMs": 0.11054160000003321,
          "operationsPerFrame16_67ms": 160.51379821539012
        },
        {
          "count": 3000,
          "samples": [
            0.1306250000016007,
            0.07616699999925913,
            0.07658300000184681,
            0.09312499999941792,
            0.07320799999433802,
            0.07108299999526935,
            0.06741599999804748,
            0.07208299999911105,
            0.09670799999730662,
            0.16245799999887822,
            0.10720899999432731,
            0.07412499999918509,
            0.08008300000074087,
            0.08141600000089966,
            0.06058399999892572,
            0.07416699999885168,
            0.07491599999775644,
            0.13529099999868777,
            0.09350000000267755,
            0.07500000000436557,
            0.07620799999858718,
            0.07283299999835435,
            0.06691599999612663,
            0.09087500000168802,
            0.10124999999970896,
            0.09458299999823794,
            0.08487500000046566,
            0.11125000000174623,
            0.09324999999807915,
            0.07337499999994179
          ],
          "minMs": 0.06058399999892572,