{
  "generatedAt": "2026-03-14T14:05:08.872Z",
  "environment": {
    "nodeVersion": "v25.4.0",
    "platform": "darwin",
    "arch": "arm64",
    "rssMb": 89
  },
  "config": {
    "parseCounts": [
      1000,
      5000,
      10000
    ],
    "bindCounts": [
      1000,
      3000,
      5000
    ],
    "updateCounts": [
      1000,
      3000,
      5000
    ],
    "runs": {
      "parse": 7,
      "bind": 5,
      "updateSingle": 30,
      "updateBulk": 10
    },
    "warmups": {
      "parse": 1,
      "bind": 1,
      "updateSingle": 3,
      "updateBulk": 2
    }
  },
  "sections": {
    "parse": [
      {
        "count": 1000,
        "samples": [
          4.773958999999991,
          8.724790999999982,
          8.492000000000019,
          8.097125000000005,
          8.412125000000003,
          8.616042000000022,
          9.19704200000001
        ],
        "minMs": 4.773958999999991,
        "maxMs": 9.19704200000001,
        "medianMs": 8.492000000000019,
        "p95Ms": 8.724790999999982,
        "avgMs": 8.04472628571429,
        "opsPerSecond": 117757.8897786149,
        "usPerOperation": 8.492000000000019
      },
      {
        "count": 5000,
        "samples": [
          30.39016700000002,
          30.525125000000003,
          29.34937500000001,
          25.607916999999986,
          20.50008299999996,
          26.163999999999987,
          25.099084000000005
        ],
        "minMs": 20.50008299999996,
        "maxMs": 30.525125000000003,
        "medianMs": 26.163999999999987,
        "p95Ms": 30.39016700000002,
        "avgMs": 26.805107285714282,
        "opsPerSecond": 191102.27793915314,
        "usPerOperation": 5.2327999999999975
      },
      {
        "count": 10000,
        "samples": [
          35.67987499999998,
          33.20083299999999,
          39.05920800000001,
          39.62083400000006,
          40.76150000000007,
          38.43008299999997,
          34.54858300000001
        ],
        "minMs": 33.20083299999999,
        "maxMs": 40.76150000000007,
        "medianMs": 38.43008299999997,
        "p95Ms": 39.62083400000006,
        "avgMs": 37.3287022857143,
        "opsPerSecond": 260212.81296738313,
        "usPerOperation": 3.843008299999997
      }
    ],
    "bind": {
      "uniqueExpressionPerBinding": [
        {
          "count": 1000,
          "samples": [
            38.668957999999975,
            32.76316600000007,
            32.375958999999966,
            31.700042000000053,
            31.20095900000001
          ],
          "minMs": 31.20095900000001,
          "maxMs": 38.668957999999975,
          "medianMs": 32.375958999999966,
          "p95Ms": 32.76316600000007,
          "avgMs": 33.34181680000002,
          "opsPerSecond": 30887.115961568925,
          "usPerOperation": 32.375958999999966
        },
        {
          "count": 3000,
          "samples": [
            102.48833300000001,
            113.10024999999996,
            102.98095799999987,
            111.46191699999963,
            114.3644589999999
          ],
          "minMs": 102.48833300000001,
          "maxMs": 114.3644589999999,
          "medianMs": 111.46191699999963,
          "p95Ms": 113.10024999999996,
          "avgMs": 108.87918339999987,
          "opsPerSecond": 26915.02246457873,
          "usPerOperation": 37.153972333333215
        },
        {
          "count": 5000,
          "samples": [
            196.12975000000006,
            205.92558299999928,
            209.34237500000017,
            209.92075000000023,
            211.12104200000067
          ],
          "minMs": 196.12975000000006,
          "maxMs": 211.12104200000067,
          "medianMs": 209.34237500000017,
          "p95Ms": 209.92075000000023,
          "avgMs": 206.48790000000008,
          "opsPerSecond": 23884.318690852706,
          "usPerOperation": 41.86847500000003
        }
      ],
      "cachedExpressionString": [
        {
          "count": 1000,
          "samples": [
            25.614499999999907,
            29.381917000000158,
            24.15887500000008,
            24.59616700000015,
            25.19074999999998
          ],
          "minMs": 24.15887500000008,
          "maxMs": 29.381917000000158,
          "medianMs": 25.19074999999998,
          "p95Ms": 25.614499999999907,
          "avgMs": 25.788441800000054,
          "opsPerSecond": 39697.1110427439,
          "usPerOperation": 25.190749999999976
        },
        {
          "count": 3000,
          "samples": [
            93.90120800000022,
            102.54541699999982,
            119.52241700000013,
            120.68866600000001,
            115.19483300000002
          ],
          "minMs": 93.90120800000022,
          "maxMs": 120.68866600000001,
          "medianMs": 115.19483300000002,
          "p95Ms": 119.52241700000013,
          "avgMs": 110.37050820000005,
          "opsPerSecond": 26042.83475110381,
          "usPerOperation": 38.39827766666667
        },
        {
          "count": 5000,
          "samples": [
            175.41416599999957,
            207.4176669999997,
            208.27904200000012,
            205.0319580000014,
            227.26575000000048
          ],
          "minMs": 175.41416599999957,
          "maxMs": 227.26575000000048,
          "medianMs": 207.4176669999997,
          "p95Ms": 208.27904200000012,
          "avgMs": 204.68171660000024,
          "opsPerSecond": 24105.950434781465,
          "usPerOperation": 41.48353339999994
        }
      ]
    },
    "update": {
      "singleMutationWithActiveBindings": [
        {
          "count": 1000,
          "samples": [
            0.171582999999373,
            0.13999999999941792,
            0.11737499999981083,
            0.11299999999937427,
            0.139458999999988,
            0.19349999999940337,
            0.15983400000004622,
            0.09900000000016007,
            0.10429199999998673,
            0.09966700000040873,
            0.10275000000001455,
            0.08195800000066811,
            0.11741699999947741,
            0.09058300000106101,
            0.08454099999835307,
            0.0985419999997248,
            0.07195799999681185,
            0.09770799999751034,
            0.08070800000132294,
            0.08812500000203727,
            0.09754099999918253,
            0.07287500000165892,
            0.08362499999930151,
            0.11166700000103447,
            0.08904199999960838,
            0.10283300000082818,
            0.08512499999778811,
            0.0926660000004631,
            0.08058299999902374,
            0.06854200000088895
          ],
          "minMs": 0.06854200000088895,
          "maxMs": 0.19349999999940337,
          "medianMs": 0.09812499999861757,
          "p95Ms": 0.15983400000004622,
          "avgMs": 0.10454996666649094,
          "operationsPerFrame16_67ms": 169.88535032086477
        },
        {
          "count": 3000,
          "samples": [
            0.06491699999969569,
            0.06754200000068522,
            0.07316699999864795,
            0.08491599999979371,
            0.09570800000074087,
            0.06937499999912689,
            0.06883300000117742,
            0.06612500000119326,
            0.0918340000025637,
            0.0669579999994312,
            0.06591699999989942,
            0.08066699999835691,
            0.10645799999838346,
            0.08429199999955017,
            0.06341699999757111,
            0.07245800000237068,
            0.11420799999905284,
            0.06587500000023283,
            0.08641699999861885,
            0.07629099999758182,
            0.06920800000079907,
            0.06920800000079907,
            0.06770800000231247,
            0.07799999999406282,
            0.06612499999755528,
            0.06595799999922747,
            0.06866599999921164,
            0.0670830000017304,
            0.08625000000029104,
            0.0732919999936712
          ],