{
  "generatedAt": "2026-03-14T10:49:00.625Z",
  "environment": {
    "nodeVersion": "v25.4.0",
    "platform": "darwin",
    "arch": "arm64",
    "rssMb": 88
  },
  "config": {
    "parseCounts": [
      1000,
      5000,
      10000
    ],
    "bindCounts": [
      1000,
      3000,
      5000
    ],
    "updateCounts": [
      1000,
      3000,
      5000
    ],
    "runs": {
      "parse": 7,
      "bind": 5,
      "updateSingle": 30,
      "updateBulk": 10
    },
    "warmups": {
      "parse": 1,
      "bind": 1,
      "updateSingle": 3,
      "updateBulk": 2
    }
  },
  "sections": {
    "parse": [
      {
        "count": 1000,
        "samples": [
          8.897625000000005,
          8.528458,
          8.463916999999995,
          8.24045799999999,
          8.611874999999998,
          9.056125000000009,
          9.055040999999989
        ],
        "minMs": 8.24045799999999,
        "maxMs": 9.056125000000009,
        "medianMs": 8.611874999999998,
        "p95Ms": 9.055040999999989,
        "avgMs": 8.693356999999997,
        "opsPerSecond": 116118.73140285946,
        "usPerOperation": 8.611874999999998
      },
      {
        "count": 5000,
        "samples": [
          30.37337500000001,
          31.885917000000006,
          30.50104200000004,
          25.993458000000032,
          20.952583000000004,
          28.117999999999995,
          26.117666999999983
        ],
        "minMs": 20.952583000000004,
        "maxMs": 31.885917000000006,
        "medianMs": 28.117999999999995,
        "p95Ms": 30.50104200000004,
        "avgMs": 27.70600600000001,
        "opsPerSecond": 177822.03570666478,
        "usPerOperation": 5.6236
      },
      {
        "count": 10000,
        "samples": [
          42.434708,
          39.43212500000004,
          32.336250000000064,
          39.49491699999999,
          39.582333999999946,
          41.84674999999993,
          40.01999999999998
        ],
        "minMs": 32.336250000000064,
        "maxMs": 42.434708,
        "medianMs": 39.582333999999946,
        "p95Ms": 41.84674999999993,
        "avgMs": 39.30672628571428,
        "opsPerSecond": 252637.95712501474,
        "usPerOperation": 3.9582333999999944
      }
    ],
    "bind": {
      "uniqueExpressionPerBinding": [
        {
          "count": 1000,
          "samples": [
            40.76762499999995,
            35.787375,
            36.464500000000044,
            35.529750000000035,
            33.837332999999944
          ],
          "minMs": 33.837332999999944,
          "maxMs": 40.76762499999995,
          "medianMs": 35.787375,
          "p95Ms": 36.464500000000044,
          "avgMs": 36.477316599999995,
          "opsPerSecond": 27942.815029043064,
          "usPerOperation": 35.787375
        },
        {
          "count": 3000,
          "samples": [
            110.0562080000002,
            117.20720900000015,
            131.99141600000007,
            130.72120799999993,
            127.93508299999985
          ],
          "minMs": 110.0562080000002,
          "maxMs": 131.99141600000007,
          "medianMs": 127.93508299999985,
          "p95Ms": 130.72120799999993,
          "avgMs": 123.58222480000003,
          "opsPerSecond": 23449.392689259468,
          "usPerOperation": 42.64502766666662
        },
        {
          "count": 5000,
          "samples": [
            217.81629099999918,
            232.77283400000033,
            230.85716700000012,
            237.97829100000035,
            293.5266670000001
          ],
          "minMs": 217.81629099999918,
          "maxMs": 293.5266670000001,
          "medianMs": 232.77283400000033,
          "p95Ms": 237.97829100000035,
          "avgMs": 242.59025000000003,
          "opsPerSecond": 21480.16980366357,
          "usPerOperation": 46.55456680000007
        }
      ],
      "cachedExpressionString": [
        {
          "count": 1000,
          "samples": [
            27.587790999999925,
            34.41408299999989,
            28.08379200000013,
            27.518541999999798,
            29.46154200000001
          ],
          "minMs": 27.518541999999798,
          "maxMs": 34.41408299999989,
          "medianMs": 28.08379200000013,
          "p95Ms": 29.46154200000001,
          "avgMs": 29.413149999999952,
          "opsPerSecond": 35607.727047686276,
          "usPerOperation": 28.083792000000134
        },
        {
          "count": 3000,
          "samples": [
            106.29400000000032,
            119.38808299999982,
            124.76579100000026,
            123.1489590000001,
            135.76724999999988
          ],
          "minMs": 106.29400000000032,
          "maxMs": 135.76724999999988,
          "medianMs": 123.1489590000001,
          "p95Ms": 124.76579100000026,
          "avgMs": 121.87281660000008,
          "opsPerSecond": 24360.741855722852,
          "usPerOperation": 41.049653000000035
        },
        {
          "count": 5000,
          "samples": [
            203.28629199999978,
            241.06866600000012,
            228.78145900000163,
            218.92570800000067,
            247.98470799999996
          ],
          "minMs": 203.28629199999978,
          "maxMs": 247.98470799999996,
          "medianMs": 228.78145900000163,
          "p95Ms": 241.06866600000012,
          "avgMs": 228.00936660000042,
          "opsPerSecond": 21854.91788475728,
          "usPerOperation": 45.75629180000033
        }
      ]
    },
    "update": {
      "singleMutationWithActiveBindings": [
        {
          "count": 1000,
          "samples": [
            0.1630830000012793,
            0.25995899999907124,
            0.49666700000125275,
            0.24841700000069977,
            0.1274169999996957,
            0.2382500000003347,
            0.19975000000158616,
            0.12220799999886367,
            0.10845899999912945,
            0.10712499999863212,
            0.13170800000079907,
            0.1130830000001879,
            0.13991700000042329,
            0.1265419999981532,
            0.14516699999876437,
            0.21058300000004238,
            0.11629100000209291,
            0.09858300000269082,
            0.10650000000168802,
            0.10820800000146846,
            0.16724999999860302,
            0.10887499999807915,
            0.11879200000112178,
            0.12583300000187592,
            0.11441700000068522,
            0.13087499999892316,
            0.10245800000120653,
            0.14129200000024866,
            0.1473340000011376,
            0.11212499999965075
          ],
          "minMs": 0.09858300000269082,
          "maxMs": 0.49666700000125275,
          "medianMs": 0.12697949999892444,
          "p95Ms": 0.24841700000069977,
          "avgMs": 0.15457226666694623,
          "operationsPerFrame16_67ms": 131.2810335537721
        },
        {
          "count": 3000,
          "samples": [
            0.11404200000106357,
            0.09729199999856064,
            0.08525000000008731,
            0.11229100000127801,
            0.09025000000110595,
            0.12620800000149757,
            0.10858299999381416,
            0.0944999999992433,
            0.13558399999601534,
            0.10800000000017462,
            0.09454199999890989,
            0.08479200000147102,
            0.1134170000004815,
            0.11308300000382587,
            0.09054200000537094,
            0.11066700000083074,
            0.08762500000011642,
            0.11579200000414858,
            0.10079200000473065,
            0.0836669999989681,
            0.09924999999930151,
            0.09379099999932805,
            0.08341699999436969,
            0.10433399999601534,
            0.09666699999797856,
            0.09033400000043912,
            0.08954199999425327,
            0.09241699999984121,
            0.10362499999610009,
            0.08350000000064028
          ],
          "minMs": 0.08341699999436969,