{
  "generatedAt": "2026-03-14T12:38:04.931Z",
  "environment": {
    "nodeVersion": "v25.4.0",
    "platform": "darwin",
    "arch": "arm64",
    "rssMb": 87
  },
  "config": {
    "parseCounts": [
      1000,
      5000,
      10000
    ],
    "bindCounts": [
      1000,
      3000,
      5000
    ],
    "updateCounts": [
      1000,
      3000,
      5000
    ],
    "runs": {
      "parse": 7,
      "bind": 5,
      "updateSingle": 30,
      "updateBulk": 10
    },
    "warmups": {
      "parse": 1,
      "bind": 1,
      "updateSingle": 3,
      "updateBulk": 2
    }
  },
  "sections": {
    "parse": [
      {
        "count": 1000,
        "samples": [
          11.141165999999998,
          44.464,
          13.002166999999986,
          20.640625,
          12.13904100000002,
          13.36629099999999,
          13.59383299999999
        ],
        "minMs": 11.141165999999998,
        "maxMs": 44.464,
        "medianMs": 13.36629099999999,
        "p95Ms": 20.640625,
        "avgMs": 18.335303285714282,
        "opsPerSecond": 74815.07023900653,
        "usPerOperation": 13.36629099999999
      },
      {
        "count": 5000,
        "samples": [
          31.187332999999967,
          32.224958000000015,
          29.611916000000008,
          26.306332999999995,
          19.766500000000008,
          26.970166000000006,
          25.881500000000017
        ],
        "minMs": 19.766500000000008,
        "maxMs": 32.224958000000015,
        "medianMs": 26.970166000000006,
        "p95Ms": 31.187332999999967,
        "avgMs": 27.421243714285715,
        "opsPerSecond": 185390.0343067966,
        "usPerOperation": 5.394033200000001
      },
      {
        "count": 10000,
        "samples": [
          36.35466699999995,
          33.47854099999995,
          38.00649999999996,
          41.491874999999936,
          42.51579200000003,
          40.877917000000025,
          42.05529200000001
        ],
        "minMs": 33.47854099999995,
        "maxMs": 42.51579200000003,
        "medianMs": 40.877917000000025,
        "p95Ms": 42.05529200000001,
        "avgMs": 39.25436914285712,
        "opsPerSecond": 244630.86022705105,
        "usPerOperation": 4.087791700000002
      }
    ],
    "bind": {
      "uniqueExpressionPerBinding": [
        {
          "count": 1000,
          "samples": [
            45.91862500000002,
            39.50233400000002,
            37.41179199999988,
            35.51279199999999,
            37.7923330000001
          ],
          "minMs": 35.51279199999999,
          "maxMs": 45.91862500000002,
          "medianMs": 37.7923330000001,
          "p95Ms": 39.50233400000002,
          "avgMs": 39.227575200000004,
          "opsPerSecond": 26460.393434827045,
          "usPerOperation": 37.7923330000001
        },
        {
          "count": 3000,
          "samples": [
            112.549125,
            109.47712500000011,
            109.09029099999998,
            128.8052090000001,
            123.95566699999972
          ],
          "minMs": 109.09029099999998,
          "maxMs": 128.8052090000001,
          "medianMs": 112.549125,
          "p95Ms": 123.95566699999972,
          "avgMs": 116.77548339999998,
          "opsPerSecond": 26655.027304743595,
          "usPerOperation": 37.516375
        },
        {
          "count": 5000,
          "samples": [
            204.39329199999975,
            218.2480000000005,
            212.99541599999975,
            214.30833299999995,
            220.56287499999962
          ],
          "minMs": 204.39329199999975,
          "maxMs": 220.56287499999962,
          "medianMs": 214.30833299999995,
          "p95Ms": 218.2480000000005,
          "avgMs": 214.1015831999999,
          "opsPerSecond": 23330.870666610994,
          "usPerOperation": 42.86166659999999
        }
      ],
      "cachedExpressionString": [
        {
          "count": 1000,
          "samples": [
            32.08337499999993,
            33.786125000000084,
            28.723833000000013,
            27.072124999999915,
            28.908290999999963
          ],
          "minMs": 27.072124999999915,
          "maxMs": 33.786125000000084,
          "medianMs": 28.908290999999963,
          "p95Ms": 32.08337499999993,
          "avgMs": 30.11474979999998,
          "opsPerSecond": 34592.15212687603,
          "usPerOperation": 28.90829099999996
        },
        {
          "count": 3000,
          "samples": [
            96.83508299999994,
            104.11670800000002,
            114.96379200000001,
            116.13062499999978,
            119.45433300000013
          ],
          "minMs": 96.83508299999994,
          "maxMs": 119.45433300000013,
          "medianMs": 114.96379200000001,
          "p95Ms": 116.13062499999978,
          "avgMs": 110.30010819999998,
          "opsPerSecond": 26095.17264357459,
          "usPerOperation": 38.321264000000006
        },
        {
          "count": 5000,
          "samples": [
            197.87754199999927,
            208.66991700000017,
            245.6482079999996,
            217.87425000000076,
            244.14449999999852
          ],
          "minMs": 197.87754199999927,
          "maxMs": 245.6482079999996,
          "medianMs": 217.87425000000076,
          "p95Ms": 244.14449999999852,
          "avgMs": 222.84288339999966,
          "opsPerSecond": 22949.01760992858,
          "usPerOperation": 43.574850000000154
        }
      ]
    },
    "update": {
      "singleMutationWithActiveBindings": [
        {
          "count": 1000,
          "samples": [
            0.24908399999912945,
            0.15366700000049605,
            0.16604200000074343,
            0.14325000000098953,
            0.1251250000004802,
            0.16966599999977916,
            0.14724999999998545,
            0.11770799999976589,
            0.1073340000002645,
            0.10570800000095915,
            0.12291700000059791,
            0.11179099999935715,
            0.1045830000002752,
            0.12854200000037963,
            0.10674999999901047,
            0.165791999999783,
            0.09970899999825633,
            0.12016699999730918,
            0.11449999999967986,
            0.11387499999909778,
            0.13637499999822467,
            0.10158299999966403,
            0.10716599999796017,
            0.10358400000041001,
            0.11333400000148686,
            0.12016600000060862,
            0.10637499999938882,
            0.11412500000005821,
            0.10287500000049477,
            0.12712499999906868
          ],
          "minMs": 0.09970899999825633,
          "maxMs": 0.24908399999912945,
          "medianMs": 0.11610399999972287,
          "p95Ms": 0.16604200000074343,
          "avgMs": 0.12687226666645682,
          "operationsPerFrame16_67ms": 143.57817129504403
        },
        {
          "count": 3000,
          "samples": [
            0.08374999999796273,
            0.10933300000033341,
            0.09445900000355323,
            0.11612499999682768,
            0.10620900000139954,
            0.09475000000020373,
            0.095208000002458,
            0.08945799999855808,
            0.13566700000228593,
            0.12558399999761605,
            0.1272080000017013,
            0.09612500000366708,
            0.12550000000192085,
            0.10512499999458669,
            0.09341700000368292,
            0.09520799999882001,
            0.1317909999997937,
            0.0823339999988093,
            0.10858300000109011,
            0.11375000000407454,
            0.09637500000098953,
            0.09545900000375696,
            0.0912910000042757,
            0.1222909999996773,
            0.0927910000027623,
            0.10820799999783048,
            0.08783299999777228,
            0.12329099999624304,
            0.10179100000095787,
            0.08804199999576667
          ],
          "minMs": 0.0823339999988093,
          "maxMs": 0.13566700000228593,