{
  "generatedAt": "2026-03-14T10:34:33.098Z",
  "environment": {
    "nodeVersion": "v25.4.0",
    "platform": "darwin",
    "arch": "arm64",
    "rssMb": 91
  },
  "config": {
    "parseCounts": [
      1000,
      5000,
      10000
    ],
    "bindCounts": [
      1000,
      3000,
      5000
    ],
    "updateCounts": [
      1000,
      3000,
      5000
    ],
    "runs": {
      "parse": 7,
      "bind": 5,
      "updateSingle": 30,
      "updateBulk": 10
    },
    "warmups": {
      "parse": 1,
      "bind": 1,
      "updateSingle": 3,
      "updateBulk": 2
    }
  },
  "sections": {
    "parse": [
      {
        "count": 1000,
        "samples": [
          4.922208999999995,
          9.022082999999995,
          8.525833999999989,
          7.9743330000000014,
          8.382625000000004,
          8.536791999999991,
          8.810625000000016
        ],
        "minMs": 4.922208999999995,
        "maxMs": 9.022082999999995,
        "medianMs": 8.525833999999989,
        "p95Ms": 8.810625000000016,
        "avgMs": 8.024928714285712,
        "opsPerSecond": 117290.57825897165,
        "usPerOperation": 8.525833999999989
      },
      {
        "count": 5000,
        "samples": [
          31.57558400000002,
          31.426625,
          29.411999999999978,
          26.29595800000004,
          20.25804100000005,
          24.896792000000005,
          24.99983400000002
        ],
        "minMs": 20.25804100000005,
        "maxMs": 31.57558400000002,
        "medianMs": 26.29595800000004,
        "p95Ms": 31.426625,
        "avgMs": 26.98069057142859,
        "opsPerSecond": 190143.2912236927,
        "usPerOperation": 5.259191600000008
      },
      {
        "count": 10000,
        "samples": [
          37.86095899999998,
          33.47179199999999,
          45.97991699999994,
          41.40229099999999,
          41.16566599999999,
          39.38020899999992,
          40.803499999999985
        ],
        "minMs": 33.47179199999999,
        "maxMs": 45.97991699999994,
        "medianMs": 40.803499999999985,
        "p95Ms": 41.40229099999999,
        "avgMs": 40.00919057142854,
        "opsPerSecond": 245077.0154521059,
        "usPerOperation": 4.080349999999998
      }
    ],
    "bind": {
      "uniqueExpressionPerBinding": [
        {
          "count": 1000,
          "samples": [
            42.782125000000065,
            36.428709000000026,
            34.14529200000004,
            36.913167000000044,
            33.98641699999996
          ],
          "minMs": 33.98641699999996,
          "maxMs": 42.782125000000065,
          "medianMs": 36.428709000000026,
          "p95Ms": 36.913167000000044,
          "avgMs": 36.851142000000024,
          "opsPerSecond": 27450.87672472827,
          "usPerOperation": 36.428709000000026
        },
        {
          "count": 3000,
          "samples": [
            112.81787500000019,
            115.8320839999999,
            135.27995799999985,
            122.68770900000027,
            122.94704199999978
          ],
          "minMs": 112.81787500000019,
          "maxMs": 135.27995799999985,
          "medianMs": 122.68770900000027,
          "p95Ms": 122.94704199999978,
          "avgMs": 121.9129336,
          "opsPerSecond": 24452.327168322896,
          "usPerOperation": 40.89590300000009
        },
        {
          "count": 5000,
          "samples": [
            206.56395799999973,
            226.56354200000078,
            281.6227079999999,
            240.09633399999984,
            249.25633299999936
          ],
          "minMs": 206.56395799999973,
          "maxMs": 281.6227079999999,
          "medianMs": 240.09633399999984,
          "p95Ms": 249.25633299999936,
          "avgMs": 240.8205749999999,
          "opsPerSecond": 20824.974362165827,
          "usPerOperation": 48.01926679999997
        }
      ],
      "cachedExpressionString": [
        {
          "count": 1000,
          "samples": [
            28.579333000000133,
            30.713416999999936,
            28.40975000000003,
            26.24395800000002,
            26.75299999999993
          ],
          "minMs": 26.24395800000002,
          "maxMs": 30.713416999999936,
          "medianMs": 28.40975000000003,
          "p95Ms": 28.579333000000133,
          "avgMs": 28.13989160000001,
          "opsPerSecond": 35199.18337894557,
          "usPerOperation": 28.409750000000027
        },
        {
          "count": 3000,
          "samples": [
            107.6082080000001,
            109.02712500000007,
            117.04166699999996,
            116.70849999999973,
            125.4110840000003
          ],
          "minMs": 107.6082080000001,
          "maxMs": 125.4110840000003,
          "medianMs": 116.70849999999973,
          "p95Ms": 117.04166699999996,
          "avgMs": 115.15931680000003,
          "opsPerSecond": 25705.06861111236,
          "usPerOperation": 38.90283333333325
        },
        {
          "count": 5000,
          "samples": [
            235.29962500000056,
            231.44800000000032,
            240.7878329999985,
            221.10812500000065,
            254.01045899999917
          ],
          "minMs": 221.10812500000065,
          "maxMs": 254.01045899999917,
          "medianMs": 235.29962500000056,
          "p95Ms": 240.7878329999985,
          "avgMs": 236.53080839999984,
          "opsPerSecond": 21249.502628829043,
          "usPerOperation": 47.05992500000011
        }
      ]
    },
    "update": {
      "singleMutationWithActiveBindings": [
        {
          "count": 1000,
          "samples": [
            0.17245899999943504,
            0.13724999999976717,
            0.13233299999956216,
            0.1275420000001759,
            0.1428329999998823,
            0.15424999999959255,
            0.14170799999919836,
            0.1126669999994192,
            0.10874999999941792,
            0.11091699999997218,
            0.12733400000070105,
            0.13058300000011513,
            0.113999999999578,
            0.11783299999842711,
            0.13404200000150013,
            0.12470799999937299,
            0.10779200000251876,
            0.11312499999985448,
            0.11275000000023283,
            0.10004200000184937,
            0.12095899999985704,
            0.09816700000010314,
            0.11966599999868777,
            0.11120799999844166,
            0.10041700000147102,
            0.1310410000005504,
            0.1437499999992724,
            0.1001670000005106,
            0.10762500000055297,
            0.10749999999825377
          ],
          "minMs": 0.09816700000010314,
          "maxMs": 0.17245899999943504,
          "medianMs": 0.11874949999855744,
          "p95Ms": 0.1437499999992724,
          "avgMs": 0.12211393333327578,
          "operationsPerFrame16_67ms": 140.3795384418672
        },
        {
          "count": 3000,
          "samples": [
            0.08633399999962421,
            0.13033299999733572,
            0.09062499999708962,
            0.09491700000216952,
            0.0944999999992433,
            0.09433300000091549,
            0.08595799999966403,
            0.13087500000256114,
            0.11300000000119326,
            0.08783399999811081,
            0.08675000000221189,
            0.09575000000040745,
            0.07795800000167219,
            0.18966699999873526,
            0.08608300000196323,
            0.09254200000577839,
            0.0834580000009737,
            0.08774999999877764,
            0.11070800000015879,
            0.087666999999783,
            0.09100000000034925,
            0.11750000000029104,
            0.12304199999925913,
            0.1061249999984284,
            0.08266700000240235,
            0.08941699999559205,
            0.08295899999939138,
            0.08895900000061374,
            0.12124999999650754,
            0.10041600000113249
          ],
          "minMs": 0.07795800000167219,