{
  "generatedAt": "2026-03-14T08:33:00.027Z",
  "environment": {
    "nodeVersion": "v25.4.0",
    "platform": "darwin",
    "arch": "arm64",
    "rssMb": 89
  },
  "config": {
    "parseCounts": [
      1000,
      5000,
      10000
    ],
    "bindCounts": [
      1000,
      3000,
      5000
    ],
    "updateCounts": [
      1000,
      3000,
      5000
    ],
    "runs": {
      "parse": 7,
      "bind": 5,
      "updateSingle": 30,
      "updateBulk": 10
    },
    "warmups": {
      "parse": 1,
      "bind": 1,
      "updateSingle": 3,
      "updateBulk": 2
    }
  },
  "sections": {
    "parse": [
      {
        "count": 1000,
        "samples": [
          5.741457999999994,
          9.360916000000003,
          10.162582999999984,
          8.942582999999985,
          10.614791999999994,
          11.022208000000006,
          10.057165999999995
        ],
        "minMs": 5.741457999999994,
        "maxMs": 11.022208000000006,
        "medianMs": 10.057165999999995,
        "p95Ms": 10.614791999999994,
        "avgMs": 9.414529428571424,
        "opsPerSecond": 99431.58937617223,
        "usPerOperation": 10.057165999999995
      },
      {
        "count": 5000,
        "samples": [
          44.72441599999999,
          33.51845900000001,
          32.50450000000001,
          30.439166,
          24.352833000000032,
          30.274249999999995,
          28.287375000000054
        ],
        "minMs": 24.352833000000032,
        "maxMs": 44.72441599999999,
        "medianMs": 30.439166,
        "p95Ms": 33.51845900000001,
        "avgMs": 32.01442842857144,
        "opsPerSecond": 164262.05632572193,
        "usPerOperation": 6.0878332
      },
      {
        "count": 10000,
        "samples": [
          41.612750000000005,
          40.17366700000002,
          39.31812500000001,
          46.136750000000006,
          45.706750000000056,
          39.88549999999998,
          42.931375
        ],
        "minMs": 39.31812500000001,
        "maxMs": 46.136750000000006,
        "medianMs": 41.612750000000005,
        "p95Ms": 45.706750000000056,
        "avgMs": 42.25213100000001,
        "opsPerSecond": 240310.96238532657,
        "usPerOperation": 4.161275000000001
      }
    ],
    "bind": {
      "uniqueExpressionPerBinding": [
        {
          "count": 1000,
          "samples": [
            48.008375,
            38.687875000000076,
            41.04200000000003,
            35.1579999999999,
            35.83945800000015
          ],
          "minMs": 35.1579999999999,
          "maxMs": 48.008375,
          "medianMs": 38.687875000000076,
          "p95Ms": 41.04200000000003,
          "avgMs": 39.747141600000035,
          "opsPerSecond": 25847.89161979039,
          "usPerOperation": 38.68787500000007
        },
        {
          "count": 3000,
          "samples": [
            123.35799999999995,
            140.64537500000006,
            134.50833300000022,
            137.0757920000001,
            133.0643329999998
          ],
          "minMs": 123.35799999999995,
          "maxMs": 140.64537500000006,
          "medianMs": 134.50833300000022,
          "p95Ms": 137.0757920000001,
          "avgMs": 133.73036660000002,
          "opsPerSecond": 22303.450894748617,
          "usPerOperation": 44.83611100000007
        },
        {
          "count": 5000,
          "samples": [
            226.05895800000053,
            232.99195899999995,
            235.8807080000006,
            232.0508749999999,
            237.35904200000004
          ],
          "minMs": 226.05895800000053,
          "maxMs": 237.35904200000004,
          "medianMs": 232.99195899999995,
          "p95Ms": 235.8807080000006,
          "avgMs": 232.86830840000022,
          "opsPerSecond": 21459.96806696664,
          "usPerOperation": 46.59839179999999
        }
      ],
      "cachedExpressionString": [
        {
          "count": 1000,
          "samples": [
            27.518542000000025,
            31.971666999999798,
            27.263584000000037,
            26.65729199999987,
            28.52299999999991
          ],
          "minMs": 26.65729199999987,
          "maxMs": 31.971666999999798,
          "medianMs": 27.518542000000025,
          "p95Ms": 28.52299999999991,
          "avgMs": 28.38681699999993,
          "opsPerSecond": 36339.13453699688,
          "usPerOperation": 27.51854200000002
        },
        {
          "count": 3000,
          "samples": [
            100.60962500000005,
            114.31383400000004,
            125.4141669999999,
            123.91891699999996,
            129.07799999999952
          ],
          "minMs": 100.60962500000005,
          "maxMs": 129.07799999999952,
          "medianMs": 123.91891699999996,
          "p95Ms": 125.4141669999999,
          "avgMs": 118.6669085999999,
          "opsPerSecond": 24209.37878274066,
          "usPerOperation": 41.30630566666665
        },
        {
          "count": 5000,
          "samples": [
            187.6674579999999,
            207.98250000000007,
            216.03137500000048,
            215.73312500000065,
            256.8568329999998
          ],
          "minMs": 187.6674579999999,
          "maxMs": 256.8568329999998,
          "medianMs": 215.73312500000065,
          "p95Ms": 216.03137500000048,
          "avgMs": 216.85425820000017,
          "opsPerSecond": 23176.78381565179,
          "usPerOperation": 43.14662500000013
        }
      ]
    },
    "update": {
      "singleMutationWithActiveBindings": [
        {
          "count": 1000,
          "samples": [
            0.5098330000000715,
            0.2949580000004062,
            0.2747080000008282,
            0.3038749999996071,
            0.23579100000097242,
            0.29845899999963876,
            0.28000000000065484,
            0.24437500000021828,
            0.24666700000125275,
            0.44383400000151596,
            0.2967919999991864,
            0.23725000000013097,
            0.22033299999930023,
            0.24279199999909906,
            0.28341599999839673,
            0.25962499999877764,
            0.22683300000062445,
            0.26062500000261934,
            0.22529199999917182,
            0.23612499999944703,
            0.3307089999980235,
            0.226290999999037,
            0.3962080000019341,
            0.24166699999841512,
            0.21066699999937555,
            0.31045799999992596,
            0.24516700000094716,
            0.24529199999960838,
            0.44395799999983865,
            0.2255409999997937
          ],
          "minMs": 0.21066699999937555,
          "maxMs": 0.5098330000000715,
          "medianMs": 0.2531460000000152,
          "p95Ms": 0.44383400000151596,
          "avgMs": 0.2832513666666273,
          "operationsPerFrame16_67ms": 65.851326902258
        },
        {
          "count": 3000,
          "samples": [
            0.6912919999995211,
            2.5491670000010345,
            1.1743329999990237,
            0.8432079999984126,
            0.7288750000006985,
            0.7944579999966663,
            0.8656670000018494,
            0.706624999998894,
            1.7909159999981057,
            0.6719999999986612,
            0.6529169999994338,
            0.6252909999966505,
            0.6257079999995767,
            0.7635410000002594,
            0.6607499999954598,
            0.670124999996915,
            0.654500000004191,
            1.7101660000043921,
            0.6425000000017462,
            0.638541999993322,
            0.6482919999980368,
            0.6617079999996349,
            0.6675000000032014,
            1.6769579999963753,
            1.6562919999996666,
            0.6576659999991534,
            0.7513330000001588,
            0.6560410000020056,
            0.6990409999998519,
            0.6539169999959995
          ],
          "minMs": 0.6252909999966505,
          "maxMs": 2.5491670000010345,