{
  "generatedAt": "2026-03-14T14:02:55.786Z",
  "environment": {
    "nodeVersion": "v25.4.0",
    "platform": "darwin",
    "arch": "arm64",
    "rssMb": 87
  },
  "config": {
    "parseCounts": [
      1000,
      5000,
      10000
    ],
    "bindCounts": [
      1000,
      3000,
      5000
    ],
    "updateCounts": [
      1000,
      3000,
      5000
    ],
    "runs": {
      "parse": 7,
      "bind": 5,
      "updateSingle": 30,
      "updateBulk": 10
    },
    "warmups": {
      "parse": 1,
      "bind": 1,
      "updateSingle": 3,
      "updateBulk": 2
    }
  },
  "sections": {
    "parse": [
      {
        "count": 1000,
        "samples": [
          4.934624999999997,
          9.147041999999999,
          8.66704200000001,
          8.308499999999981,
          8.390333999999996,
          8.549832999999978,
          9.300332999999995
        ],
        "minMs": 4.934624999999997,
        "maxMs": 9.300332999999995,
        "medianMs": 8.549832999999978,
        "p95Ms": 9.147041999999999,
        "avgMs": 8.185386999999993,
        "opsPerSecond": 116961.34883570271,
        "usPerOperation": 8.549832999999978
      },
      {
        "count": 5000,
        "samples": [
          31.119249999999994,
          31.85699999999997,
          29.30295799999999,
          32.17595799999998,
          20.99520799999999,
          24.249582999999973,
          24.951041999999973
        ],
        "minMs": 20.99520799999999,
        "maxMs": 32.17595799999998,
        "medianMs": 29.30295799999999,
        "p95Ms": 31.85699999999997,
        "avgMs": 27.807285571428555,
        "opsPerSecond": 170631.23797945594,
        "usPerOperation": 5.8605915999999985
      },
      {
        "count": 10000,
        "samples": [
          42.53116700000004,
          44.41979100000003,
          38.59641600000009,
          42.164083000000005,
          41.53645800000004,
          39.66708300000005,
          42.25308299999995
        ],
        "minMs": 38.59641600000009,
        "maxMs": 44.41979100000003,
        "medianMs": 42.164083000000005,
        "p95Ms": 42.53116700000004,
        "avgMs": 41.59544014285717,
        "opsPerSecond": 237168.68216960866,
        "usPerOperation": 4.2164083
      }
    ],
    "bind": {
      "uniqueExpressionPerBinding": [
        {
          "count": 1000,
          "samples": [
            38.253124999999955,
            34.88479200000006,
            33.24883299999999,
            31.786625000000072,
            30.359083000000055
          ],
          "minMs": 30.359083000000055,
          "maxMs": 38.253124999999955,
          "medianMs": 33.24883299999999,
          "p95Ms": 34.88479200000006,
          "avgMs": 33.70649160000003,
          "opsPerSecond": 30076.24357823327,
          "usPerOperation": 33.24883299999999
        },
        {
          "count": 3000,
          "samples": [
            107.23008299999992,
            112.78033399999981,
            107.32520900000009,
            114.19287500000019,
            120.96670799999993
          ],
          "minMs": 107.23008299999992,
          "maxMs": 120.96670799999993,
          "medianMs": 112.78033399999981,
          "p95Ms": 114.19287500000019,
          "avgMs": 112.49904179999999,
          "opsPerSecond": 26600.3822971477,
          "usPerOperation": 37.593444666666606
        },
        {
          "count": 5000,
          "samples": [
            195.7228329999998,
            215.53854200000023,
            213.45895799999926,
            216.42887500000052,
            211.84479199999987
          ],
          "minMs": 195.7228329999998,
          "maxMs": 216.42887500000052,
          "medianMs": 213.45895799999926,
          "p95Ms": 215.53854200000023,
          "avgMs": 210.59879999999993,
          "opsPerSecond": 23423.70658438245,
          "usPerOperation": 42.69179159999985
        }
      ],
      "cachedExpressionString": [
        {
          "count": 1000,
          "samples": [
            31.833458000000064,
            26.03033400000004,
            26.39520800000014,
            24.776000000000067,
            25.125833000000057
          ],
          "minMs": 24.776000000000067,
          "maxMs": 31.833458000000064,
          "medianMs": 26.03033400000004,
          "p95Ms": 26.39520800000014,
          "avgMs": 26.832166600000072,
          "opsPerSecond": 38416.71797219346,
          "usPerOperation": 26.03033400000004
        },
        {
          "count": 3000,
          "samples": [
            101.89724999999999,
            113.0614999999998,
            115.40433399999984,
            110.4363330000001,
            126.6265000000003
          ],
          "minMs": 101.89724999999999,
          "maxMs": 126.6265000000003,
          "medianMs": 113.0614999999998,
          "p95Ms": 115.40433399999984,
          "avgMs": 113.48518340000001,
          "opsPerSecond": 26534.231369652847,
          "usPerOperation": 37.6871666666666
        },
        {
          "count": 5000,
          "samples": [
            174.369917,
            199.7201670000004,
            204.54216600000018,
            205.98866700000144,
            251.11774999999943
          ],
          "minMs": 174.369917,
          "maxMs": 251.11774999999943,
          "medianMs": 204.54216600000018,
          "p95Ms": 205.98866700000144,
          "avgMs": 207.14773340000028,
          "opsPerSecond": 24444.83745224442,
          "usPerOperation": 40.90843320000003
        }
      ]
    },
    "update": {
      "singleMutationWithActiveBindings": [
        {
          "count": 1000,
          "samples": [
            0.2029999999995198,
            0.1270829999994021,
            0.1292089999988093,
            0.09916700000030687,
            0.11529200000040873,
            0.14658299999973678,
            0.12729099999887694,
            0.13541699999950652,
            0.08991600000081235,
            0.08220900000014808,
            0.10750000000007276,
            0.12412500000027649,
            0.09604199999921548,
            0.10029200000099081,
            0.08575000000018917,
            0.1350830000010319,
            0.09691600000223843,
            0.1047919999982696,
            0.10800000000017462,
            0.08320800000001327,
            0.14112500000192085,
            0.11420799999905284,
            0.07949999999982538,
            0.08499999999912689,
            0.08437499999854481,
            0.10312499999781721,
            0.10974999999962165,
            0.08220800000344752,
            0.11845899999752874,
            0.08937499999956344
          ],
          "minMs": 0.07949999999982538,
          "maxMs": 0.2029999999995198,
          "medianMs": 0.10614599999917118,
          "p95Ms": 0.14112500000192085,
          "avgMs": 0.11013333333321498,
          "operationsPerFrame16_67ms": 157.0478397690932
        },
        {
          "count": 3000,
          "samples": [
            0.06999999999970896,
            0.07845799999995506,
            0.07370799999989686,
            0.12829199999760021,
            0.06416700000045239,
            0.06870799999887822,
            0.07112499999857391,
            0.09654199999931734,
            0.08437499999854481,
            0.06312500000058208,
            0.08587500000066939,
            0.07337499999994179,
            0.07270799999969313,
            0.08604199999535922,
            0.06925000000046566,
            0.07112500000221189,
            0.08095799999864539,
            0.07233300000370946,
            0.09166600000025937,
            0.06504200000199489,
            0.06754199999704724,
            0.0717919999951846,
            0.10558399999717949,
            0.08837499999935972,
            0.07437499999650754,
            0.07595900000160327,
            0.07133299999986775,
            0.06675000000541331,
            0.08208300000114832,
            0.0715420000051381
          ],
          "minMs": 0.06312500000058208,