{
  "generatedAt": "2026-03-14T14:43:18.900Z",
  "environment": {
    "nodeVersion": "v25.4.0",
    "platform": "darwin",
    "arch": "arm64",
    "rssMb": 90
  },
  "config": {
    "parseCounts": [
      1000,
      5000,
      10000
    ],
    "bindCounts": [
      1000,
      3000,
      5000
    ],
    "updateCounts": [
      1000,
      3000,
      5000
    ],
    "runs": {
      "parse": 7,
      "bind": 5,
      "updateSingle": 30,
      "updateBulk": 10
    },
    "warmups": {
      "parse": 1,
      "bind": 1,
      "updateSingle": 3,
      "updateBulk": 2
    }
  },
  "sections": {
    "parse": [
      {
        "count": 1000,
        "samples": [
          4.599125000000001,
          9.225541000000007,
          8.716124999999991,
          8.414500000000004,
          8.654124999999993,
          8.671082999999982,
          9.006166999999976
        ],
        "minMs": 4.599125000000001,
        "maxMs": 9.225541000000007,
        "medianMs": 8.671082999999982,
        "p95Ms": 9.006166999999976,
        "avgMs": 8.183809428571422,
        "opsPerSecond": 115325.8479938437,
        "usPerOperation": 8.671082999999982
      },
      {
        "count": 5000,
        "samples": [
          34.49187500000002,
          31.97633300000001,
          29.91187500000001,
          31.650582999999983,
          22.312374999999975,
          22.64295800000002,
          25.24866700000001
        ],
        "minMs": 22.312374999999975,
        "maxMs": 34.49187500000002,
        "medianMs": 29.91187500000001,
        "p95Ms": 31.97633300000001,
        "avgMs": 28.319238000000006,
        "opsPerSecond": 167157.69238805654,
        "usPerOperation": 5.982375000000001
      },
      {
        "count": 10000,
        "samples": [
          42.91391699999997,
          43.77716699999996,
          38.30404199999998,
          41.47845900000004,
          42.08408300000008,
          39.91808400000002,
          43.222749999999905
        ],
        "minMs": 38.30404199999998,
        "maxMs": 43.77716699999996,
        "medianMs": 42.08408300000008,
        "p95Ms": 43.222749999999905,
        "avgMs": 41.671214571428564,
        "opsPerSecond": 237619.52945487684,
        "usPerOperation": 4.208408300000008
      }
    ],
    "bind": {
      "uniqueExpressionPerBinding": [
        {
          "count": 1000,
          "samples": [
            37.86254199999996,
            34.43725000000006,
            35.205332999999996,
            34.52437500000008,
            31.028082999999924
          ],
          "minMs": 31.028082999999924,
          "maxMs": 37.86254199999996,
          "medianMs": 34.52437500000008,
          "p95Ms": 35.205332999999996,
          "avgMs": 34.6115166,
          "opsPerSecond": 28965.04281395384,
          "usPerOperation": 34.52437500000008
        },
        {
          "count": 3000,
          "samples": [
            113.02099999999996,
            111.83412499999986,
            110.10366599999998,
            128.13608300000033,
            152.4192079999998
          ],
          "minMs": 110.10366599999998,
          "maxMs": 152.4192079999998,
          "medianMs": 113.02099999999996,
          "p95Ms": 128.13608300000033,
          "avgMs": 123.10281639999998,
          "opsPerSecond": 26543.739659001436,
          "usPerOperation": 37.673666666666655
        },
        {
          "count": 5000,
          "samples": [
            204.11062499999935,
            215.13666699999976,
            230.47570799999994,
            218.5948330000001,
            220.04216700000052
          ],
          "minMs": 204.11062499999935,
          "maxMs": 230.47570799999994,
          "medianMs": 218.5948330000001,
          "p95Ms": 220.04216700000052,
          "avgMs": 217.67199999999994,
          "opsPerSecond": 22873.367734176943,
          "usPerOperation": 43.71896660000002
        }
      ],
      "cachedExpressionString": [
        {
          "count": 1000,
          "samples": [
            27.27300000000014,
            30.37608399999999,
            26.173166000000037,
            24.75695799999994,
            28.666917000000012
          ],
          "minMs": 24.75695799999994,
          "maxMs": 30.37608399999999,
          "medianMs": 27.27300000000014,
          "p95Ms": 28.666917000000012,
          "avgMs": 27.449225000000023,
          "opsPerSecond": 36666.300003666445,
          "usPerOperation": 27.27300000000014
        },
        {
          "count": 3000,
          "samples": [
            99.49791699999969,
            120.71095800000012,
            121.00149999999985,
            119.2825829999997,
            122.66412499999979
          ],
          "minMs": 99.49791699999969,
          "maxMs": 122.66412499999979,
          "medianMs": 120.71095800000012,
          "p95Ms": 121.00149999999985,
          "avgMs": 116.63141659999982,
          "opsPerSecond": 24852.756118462727,
          "usPerOperation": 40.23698600000004
        },
        {
          "count": 5000,
          "samples": [
            180.21404100000018,
            203.0070829999995,
            226.4138329999996,
            211.57408299999952,
            230.00308399999994
          ],
          "minMs": 180.21404100000018,
          "maxMs": 230.00308399999994,
          "medianMs": 211.57408299999952,
          "p95Ms": 226.4138329999996,
          "avgMs": 210.24242479999975,
          "opsPerSecond": 23632.3841233428,
          "usPerOperation": 42.3148165999999
        }
      ]
    },
    "update": {
      "singleMutationWithActiveBindings": [
        {
          "count": 1000,
          "samples": [
            0.23925000000053842,
            0.12729199999921548,
            0.17712500000016007,
            0.11458300000049348,
            0.10820899999998801,
            0.13145900000017718,
            0.13654200000019046,
            0.1023750000003929,
            0.09233300000050804,
            0.08620799999880546,
            0.1086250000007567,
            0.09570800000074087,
            0.11587499999950523,
            0.22912499999983993,
            0.1814589999994496,
            0.11566599999787286,
            0.08179200000085984,
            0.17324999999982538,
            0.13599999999860302,
            0.10299999999915599,
            0.1377920000013546,
            0.08904199999960838,
            0.13179200000013225,
            0.08716600000116159,
            0.09429099999761092,
            0.2572909999980766,
            0.13816700000097626,
            0.08620799999698647,
            0.09083300000202144,
            0.12908299999980954
          ],
          "minMs": 0.08179200000085984,
          "maxMs": 0.2572909999980766,
          "medianMs": 0.11577049999868905,
          "p95Ms": 0.22912499999983993,
          "avgMs": 0.12991803333316057,
          "operationsPerFrame16_67ms": 143.99177683597088
        },
        {
          "count": 3000,
          "samples": [
            0.07700000000113505,
            0.09250000000247383,
            0.0752909999973781,
            0.10970799999995506,
            0.07300000000032014,
            0.1540000000022701,
            0.07337499999994179,
            0.06429100000241306,
            0.1455839999980526,
            0.07291699999768753,
            0.07666700000117999,
            0.09612499999639113,
            0.09949999999662396,
            0.21354200000496348,
            0.07858300000225427,
            0.07620899999892572,
            0.08404199999495177,
            0.11887500000011642,
            0.09466699999757111,
            0.07083399999828544,
            0.07845800000359304,
            0.11370799999713199,
            0.08641699999861885,
            0.08808300000237068,
            0.06783399999403628,
            0.07491700000537094,
            0.06737500000599539,
            0.06762500000331784,
            0.08487500000046566,
            0.06850000000122236
          ],