{
  "generatedAt": "2026-03-14T09:58:06.365Z",
  "environment": {
    "nodeVersion": "v25.4.0",
    "platform": "darwin",
    "arch": "arm64",
    "rssMb": 76
  },
  "config": {
    "parseCounts": [
      1000,
      5000,
      10000
    ],
    "bindCounts": [
      1000,
      3000,
      5000
    ],
    "updateCounts": [
      1000,
      3000,
      5000
    ],
    "runs": {
      "parse": 7,
      "bind": 5,
      "updateSingle": 30,
      "updateBulk": 10
    },
    "warmups": {
      "parse": 1,
      "bind": 1,
      "updateSingle": 3,
      "updateBulk": 2
    }
  },
  "sections": {
    "parse": [
      {
        "count": 1000,
        "samples": [
          7.226957999999996,
          8.555042,
          8.785209000000009,
          8.342917,
          8.473250000000007,
          8.966082999999998,
          9.184291000000002
        ],
        "minMs": 7.226957999999996,
        "maxMs": 9.184291000000002,
        "medianMs": 8.555042,
        "p95Ms": 8.966082999999998,
        "avgMs": 8.50482142857143,
        "opsPerSecond": 116890.13332722388,
        "usPerOperation": 8.555042
      },
      {
        "count": 5000,
        "samples": [
          30.939791999999983,
          31.753667000000007,
          29.81683399999997,
          26.224334,
          19.98666700000001,
          28.590958,
          26.26641699999999
        ],
        "minMs": 19.98666700000001,
        "maxMs": 31.753667000000007,
        "medianMs": 28.590958,
        "p95Ms": 30.939791999999983,
        "avgMs": 27.654095571428567,
        "opsPerSecond": 174880.46395647182,
        "usPerOperation": 5.7181916
      },
      {
        "count": 10000,
        "samples": [
          37.155958,
          33.89666599999998,
          39.960916999999995,
          40.64087500000005,
          42.36987499999998,
          38.46837500000004,
          35.38404200000002
        ],
        "minMs": 33.89666599999998,
        "maxMs": 42.36987499999998,
        "medianMs": 38.46837500000004,
        "p95Ms": 40.64087500000005,
        "avgMs": 38.268101142857155,
        "opsPerSecond": 259953.7932132561,
        "usPerOperation": 3.8468375000000035
      }
    ],
    "bind": {
      "uniqueExpressionPerBinding": [
        {
          "count": 1000,
          "samples": [
            42.91224999999997,
            36.89083300000004,
            37.635084000000006,
            36.474290999999994,
            35.28270799999996
          ],
          "minMs": 35.28270799999996,
          "maxMs": 42.91224999999997,
          "medianMs": 36.89083300000004,
          "p95Ms": 37.635084000000006,
          "avgMs": 37.839033199999996,
          "opsPerSecond": 27107.00514677993,
          "usPerOperation": 36.89083300000004
        },
        {
          "count": 3000,
          "samples": [
            111.0607500000001,
            137.90379099999996,
            138.39262499999973,
            132.49704199999996,
            143.77987499999972
          ],
          "minMs": 111.0607500000001,
          "maxMs": 143.77987499999972,
          "medianMs": 137.90379099999996,
          "p95Ms": 138.39262499999973,
          "avgMs": 132.7268165999999,
          "opsPerSecond": 21754.296805372094,
          "usPerOperation": 45.96793033333332
        },
        {
          "count": 5000,
          "samples": [
            227.33116700000028,
            241.30099999999948,
            262.6612500000001,
            256.3903329999994,
            263.14379199999985
          ],
          "minMs": 227.33116700000028,
          "maxMs": 263.14379199999985,
          "medianMs": 256.3903329999994,
          "p95Ms": 262.6612500000001,
          "avgMs": 250.16550839999982,
          "opsPerSecond": 19501.515293090288,
          "usPerOperation": 51.278066599999875
        }
      ],
      "cachedExpressionString": [
        {
          "count": 1000,
          "samples": [
            28.16933300000005,
            31.25958300000002,
            36.594291999999996,
            25.19741699999986,
            27.051917000000003
          ],
          "minMs": 25.19741699999986,
          "maxMs": 36.594291999999996,
          "medianMs": 28.16933300000005,
          "p95Ms": 31.25958300000002,
          "avgMs": 29.654508399999987,
          "opsPerSecond": 35499.59809130014,
          "usPerOperation": 28.169333000000048
        },
        {
          "count": 3000,
          "samples": [
            108.0490420000001,
            120.22208299999966,
            140.488292,
            134.943041,
            141.05337499999996
          ],
          "minMs": 108.0490420000001,
          "maxMs": 141.05337499999996,
          "medianMs": 134.943041,
          "p95Ms": 140.488292,
          "avgMs": 128.95116659999994,
          "opsPerSecond": 22231.602146864323,
          "usPerOperation": 44.98101366666667
        },
        {
          "count": 5000,
          "samples": [
            186.47391599999992,
            220.98408400000062,
            221.5084999999999,
            224.61729200000082,
            244.67274999999972
          ],
          "minMs": 186.47391599999992,
          "maxMs": 244.67274999999972,
          "medianMs": 221.5084999999999,
          "p95Ms": 224.61729200000082,
          "avgMs": 219.6513084000002,
          "opsPerSecond": 22572.497217939726,
          "usPerOperation": 44.30169999999998
        }
      ]
    },
    "update": {
      "singleMutationWithActiveBindings": [
        {
          "count": 1000,
          "samples": [
            0.1577500000003056,
            0.1312080000006972,
            0.15170799999941664,
            0.12524999999914144,
            0.11954200000036508,
            0.1692910000001575,
            0.18520800000078452,
            0.11270900000090478,
            0.11866700000064156,
            0.11016600000039034,
            0.13320800000110466,
            0.10891599999922619,
            0.14570800000001327,
            0.1082910000004631,
            0.11074999999982538,
            0.1773749999993015,
            0.1286660000005213,
            0.11258399999860558,
            0.10670899999968242,
            0.10883299999841256,
            0.12566700000024866,
            0.10404200000266428,
            0.13004100000034668,
            0.10862499999711872,
            0.11737499999799184,
            0.13729099999909522,
            0.12212499999805004,
            0.112833999999566,
            0.10162499999933061,
            0.11325000000215368
          ],
          "minMs": 0.10162499999933061,
          "maxMs": 0.18520800000078452,
          "medianMs": 0.11910450000050332,
          "p95Ms": 0.1692910000001575,
          "avgMs": 0.1265137999998842,
          "operationsPerFrame16_67ms": 139.96112657313162
        },
        {
          "count": 3000,
          "samples": [
            0.09641700000065612,
            0.0930000000007567,
            0.10595800000010058,
            0.11225000000194996,
            0.08770799999911105,
            0.09204200000021956,
            0.1590409999989788,
            0.09074999999938882,
            0.1077499999992142,
            0.0839170000035665,
            0.0879579999964335,
            0.12370799999916926,
            0.10858300000109011,
            0.10974999999598367,
            0.09799999999813735,
            0.09500000000116415,
            0.11275000000023283,
            0.08595899999636458,
            0.1089159999974072,
            0.0882080000010319,
            0.08849999999802094,
            0.11633399999846006,
            0.11033300000417512,
            0.10908300000301097,
            0.08383300000423333,
            0.1080839999995078,
            0.0932089999987511,
            0.09287500000209548,
            0.10879099999874597,
            0.09633300000132294
          ],
          "minMs": 0.08383300000423333,
          "maxMs": 0.1590409999989788,
          "medianMs": 0.09720849999939674,