{
  "generatedAt": "2026-03-14T14:45:42.551Z",
  "environment": {
    "nodeVersion": "v25.4.0",
    "platform": "darwin",
    "arch": "arm64",
    "rssMb": 87
  },
  "config": {
    "parseCounts": [
      1000,
      5000,
      10000
    ],
    "bindCounts": [
      1000,
      3000,
      5000
    ],
    "updateCounts": [
      1000,
      3000,
      5000
    ],
    "runs": {
      "parse": 7,
      "bind": 5,
      "updateSingle": 30,
      "updateBulk": 10
    },
    "warmups": {
      "parse": 1,
      "bind": 1,
      "updateSingle": 3,
      "updateBulk": 2
    }
  },
  "sections": {
    "parse": [
      {
        "count": 1000,
        "samples": [
          4.881750000000011,
          9.33095800000001,
          9.167625000000015,
          8.492958000000016,
          8.795709000000016,
          9.473917,
          9.302084000000008
        ],
        "minMs": 4.881750000000011,
        "maxMs": 9.473917,
        "medianMs": 9.167625000000015,
        "p95Ms": 9.33095800000001,
        "avgMs": 8.492143000000011,
        "opsPerSecond": 109079.50532444318,
        "usPerOperation": 9.167625000000015
      },
      {
        "count": 5000,
        "samples": [
          31.510958000000016,
          32.071957999999995,
          29.221957999999972,
          26.538999999999987,
          21.396916999999974,
          26.086374999999975,
          26.866416999999956
        ],
        "minMs": 21.396916999999974,
        "maxMs": 32.071957999999995,
        "medianMs": 26.866416999999956,
        "p95Ms": 31.510958000000016,
        "avgMs": 27.670511857142838,
        "opsPerSecond": 186105.94780837386,
        "usPerOperation": 5.373283399999991
      },
      {
        "count": 10000,
        "samples": [
          36.26070800000002,
          33.94845900000007,
          39.31204100000002,
          39.19158300000004,
          40.96754199999998,
          39.09070900000006,
          40.190291
        ],
        "minMs": 33.94845900000007,
        "maxMs": 40.96754199999998,
        "medianMs": 39.19158300000004,
        "p95Ms": 40.190291,
        "avgMs": 38.4230475714286,
        "opsPerSecond": 255156.82793420186,
        "usPerOperation": 3.9191583000000034
      }
    ],
    "bind": {
      "uniqueExpressionPerBinding": [
        {
          "count": 1000,
          "samples": [
            39.83808299999998,
            34.01350000000002,
            32.64241599999991,
            30.77591599999994,
            30.430707999999868
          ],
          "minMs": 30.430707999999868,
          "maxMs": 39.83808299999998,
          "medianMs": 32.64241599999991,
          "p95Ms": 34.01350000000002,
          "avgMs": 33.54012459999994,
          "opsPerSecond": 30634.98731221374,
          "usPerOperation": 32.64241599999991
        },
        {
          "count": 3000,
          "samples": [
            115.342625,
            111.38691700000004,
            110.87162500000022,
            115.18266700000004,
            120.34937500000024
          ],
          "minMs": 110.87162500000022,
          "maxMs": 120.34937500000024,
          "medianMs": 115.18266700000004,
          "p95Ms": 115.342625,
          "avgMs": 114.6266418000001,
          "opsPerSecond": 26045.585487267792,
          "usPerOperation": 38.394222333333346
        },
        {
          "count": 5000,
          "samples": [
            198.8920420000004,
            214.4332919999997,
            215.3334590000004,
            215.34291699999994,
            221.34641699999975
          ],
          "minMs": 198.8920420000004,
          "maxMs": 221.34641699999975,
          "medianMs": 215.3334590000004,
          "p95Ms": 215.34291699999994,
          "avgMs": 213.06962540000004,
          "opsPerSecond": 23219.800690611628,
          "usPerOperation": 43.06669180000008
        }
      ],
      "cachedExpressionString": [
        {
          "count": 1000,
          "samples": [
            27.4820000000002,
            26.898083999999926,
            26.954208000000108,
            25.076166000000057,
            26.767291999999998
          ],
          "minMs": 25.076166000000057,
          "maxMs": 27.4820000000002,
          "medianMs": 26.898083999999926,
          "p95Ms": 26.954208000000108,
          "avgMs": 26.63555000000006,
          "opsPerSecond": 37177.36921336118,
          "usPerOperation": 26.898083999999926
        },
        {
          "count": 3000,
          "samples": [
            99.99791699999969,
            111.08704199999966,
            117.80599999999959,
            122.65174999999999,
            121.44162500000039
          ],
          "minMs": 99.99791699999969,
          "maxMs": 122.65174999999999,
          "medianMs": 117.80599999999959,
          "p95Ms": 121.44162500000039,
          "avgMs": 114.59686679999986,
          "opsPerSecond": 25465.595979831338,
          "usPerOperation": 39.26866666666653
        },
        {
          "count": 5000,
          "samples": [
            183.60825000000023,
            203.62487500000043,
            217.32991700000002,
            218.2138329999998,
            285.12154199999895
          ],
          "minMs": 183.60825000000023,
          "maxMs": 285.12154199999895,
          "medianMs": 217.32991700000002,
          "p95Ms": 218.2138329999998,
          "avgMs": 221.57968339999988,
          "opsPerSecond": 23006.496615926095,
          "usPerOperation": 43.465983400000006
        }
      ]
    },
    "update": {
      "singleMutationWithActiveBindings": [
        {
          "count": 1000,
          "samples": [
            0.19179199999962293,
            0.13070800000059535,
            0.12920800000028976,
            0.1059579999982816,
            0.12487500000133878,
            0.14741700000013225,
            0.12504099999932805,
            0.09975000000122236,
            0.09324999999989814,
            0.10012500000084401,
            0.1029579999994894,
            0.08937499999956344,
            0.09462499999972351,
            0.0983330000017304,
            0.12529199999698903,
            0.1145829999986745,
            0.08470900000247639,
            0.10525000000052387,
            0.09420800000225427,
            0.08745899999848916,
            0.1135839999988093,
            0.08791600000040489,
            0.13249999999970896,
            0.09266700000080164,
            0.08745900000212714,
            0.10474999999860302,
            0.09924999999930151,
            0.1005829999994603,
            0.09595899999840185,
            0.08462500000314321
          ],
          "minMs": 0.08462500000314321,
          "maxMs": 0.19179199999962293,
          "medianMs": 0.10035400000015215,
          "p95Ms": 0.13249999999970896,
          "avgMs": 0.1081403000000743,
          "operationsPerFrame16_67ms": 166.1119636484318
        },
        {
          "count": 3000,
          "samples": [
            0.08087499999965075,
            0.08104200000161654,
            0.08550000000104774,
            0.09270900000046822,
            0.06983399999808171,
            0.1066659999996773,
            0.07095900000422262,
            0.07754200000636047,
            0.085916999996698,
            0.0688330000048154,
            0.07300000000395812,
            0.07524999999441206,
            0.08341700000164565,
            0.11016599999857135,
            0.07129100000020117,
            0.07445800000277814,
            0.07283299999835435,
            0.1468749999985448,
            0.0857079999987036,
            0.08320800000365125,
            0.11341699999320554,
            0.07058400000096299,
            0.0695419999974547,
            0.0952499999984866,
            0.07979100000375183,
            0.08258300000306917,
            0.07095799999660812,
            0.0733330000002752,
            0.1070419999959995,
            0.12787499999831198
          ],
          "minMs": 0.0688330000048154,
          "maxMs": 0.1468749999985448,