{
  "generatedAt": "2026-03-14T12:39:10.169Z",
  "environment": {
    "nodeVersion": "v25.4.0",
    "platform": "darwin",
    "arch": "arm64",
    "rssMb": 90
  },
  "config": {
    "parseCounts": [
      1000,
      5000,
      10000
    ],
    "bindCounts": [
      1000,
      3000,
      5000
    ],
    "updateCounts": [
      1000,
      3000,
      5000
    ],
    "runs": {
      "parse": 7,
      "bind": 5,
      "updateSingle": 30,
      "updateBulk": 10
    },
    "warmups": {
      "parse": 1,
      "bind": 1,
      "updateSingle": 3,
      "updateBulk": 2
    }
  },
  "sections": {
    "parse": [
      {
        "count": 1000,
        "samples": [
          7.483499999999992,
          9.267875000000004,
          8.653541999999987,
          8.414749999999998,
          8.825167000000022,
          9.010874999999999,
          8.980708000000021
        ],
        "minMs": 7.483499999999992,
        "maxMs": 9.267875000000004,
        "medianMs": 8.825167000000022,
        "p95Ms": 9.010874999999999,
        "avgMs": 8.66234528571429,
        "opsPerSecond": 113312.30332525125,
        "usPerOperation": 8.825167000000022
      },
      {
        "count": 5000,
        "samples": [
          30.716582999999986,
          33.82349999999997,
          35.60683399999999,
          28.73162499999995,
          21.70274999999998,
          29.016083999999978,
          26.909875
        ],
        "minMs": 21.70274999999998,
        "maxMs": 35.60683399999999,
        "medianMs": 29.016083999999978,
        "p95Ms": 33.82349999999997,
        "avgMs": 29.501035857142835,
        "opsPerSecond": 172318.22185240447,
        "usPerOperation": 5.803216799999995
      },
      {
        "count": 10000,
        "samples": [
          38.37737500000003,
          33.047500000000014,
          38.53925000000004,
          39.635749999999916,
          40.12287500000002,
          39.68212500000004,
          36.729375000000005
        ],
        "minMs": 33.047500000000014,
        "maxMs": 40.12287500000002,
        "medianMs": 38.53925000000004,
        "p95Ms": 39.68212500000004,
        "avgMs": 38.01917857142858,
        "opsPerSecond": 259475.72928897137,
        "usPerOperation": 3.853925000000004
      }
    ],
    "bind": {
      "uniqueExpressionPerBinding": [
        {
          "count": 1000,
          "samples": [
            46.07187499999998,
            57.385167000000024,
            39.583708,
            37.435916999999904,
            39.68345799999997
          ],
          "minMs": 37.435916999999904,
          "maxMs": 57.385167000000024,
          "medianMs": 39.68345799999997,
          "p95Ms": 46.07187499999998,
          "avgMs": 44.032024999999976,
          "opsPerSecond": 25199.416845175154,
          "usPerOperation": 39.683457999999966
        },
        {
          "count": 3000,
          "samples": [
            115.67291699999987,
            114.38204100000007,
            115.40762499999983,
            119.16858400000001,
            119.855458
          ],
          "minMs": 114.38204100000007,
          "maxMs": 119.855458,
          "medianMs": 115.67291699999987,
          "p95Ms": 119.16858400000001,
          "avgMs": 116.89732499999995,
          "opsPerSecond": 25935.197951306127,
          "usPerOperation": 38.55763899999996
        },
        {
          "count": 5000,
          "samples": [
            208.48041699999976,
            218.9808750000002,
            213.92454199999975,
            236.2428749999999,
            230.49733399999968
          ],
          "minMs": 208.48041699999976,
          "maxMs": 236.2428749999999,
          "medianMs": 218.9808750000002,
          "p95Ms": 230.49733399999968,
          "avgMs": 221.62520859999987,
          "opsPerSecond": 22833.044209911004,
          "usPerOperation": 43.79617500000004
        }
      ],
      "cachedExpressionString": [
        {
          "count": 1000,
          "samples": [
            32.60912499999995,
            34.92637500000001,
            29.063625000000002,
            28.12495799999988,
            29.047000000000025
          ],
          "minMs": 28.12495799999988,
          "maxMs": 34.92637500000001,
          "medianMs": 29.063625000000002,
          "p95Ms": 32.60912499999995,
          "avgMs": 30.75421659999997,
          "opsPerSecond": 34407.27025620513,
          "usPerOperation": 29.063625
        },
        {
          "count": 3000,
          "samples": [
            102.53241600000001,
            112.06104199999982,
            116.84616700000015,
            112.54512499999964,
            126.6878340000003
          ],
          "minMs": 102.53241600000001,
          "maxMs": 126.6878340000003,
          "medianMs": 112.54512499999964,
          "p95Ms": 116.84616700000015,
          "avgMs": 114.13451679999999,
          "opsPerSecond": 26655.97465905351,
          "usPerOperation": 37.51504166666655
        },
        {
          "count": 5000,
          "samples": [
            185.36824999999953,
            219.21529199999986,
            215.1398339999996,
            214.22079200000007,
            239.35299999999916
          ],
          "minMs": 185.36824999999953,
          "maxMs": 239.35299999999916,
          "medianMs": 215.1398339999996,
          "p95Ms": 219.21529199999986,
          "avgMs": 214.65943359999966,
          "opsPerSecond": 23240.69841942896,
          "usPerOperation": 43.02796679999992
        }
      ]
    },
    "update": {
      "singleMutationWithActiveBindings": [
        {
          "count": 1000,
          "samples": [
            0.17283300000053714,
            0.1260419999998703,
            0.14379200000075798,
            0.11425000000053842,
            0.1610000000000582,
            0.14116699999976845,
            0.3846670000002632,
            0.1491249999999127,
            0.2039169999989099,
            0.12024999999994179,
            0.181124999999156,
            0.10929100000066683,
            0.11254100000041944,
            0.13695799999914016,
            0.1269589999992604,
            0.13441600000078324,
            0.1066659999996773,
            0.1739579999994021,
            0.13020800000231247,
            0.10962500000096043,
            0.12070799999855808,
            0.09858300000269082,
            0.1060829999987618,
            0.12270800000260351,
            0.11287499999889405,
            0.1291670000027807,
            0.10499999999956344,
            0.1068749999976717,
            0.09658299999864539,
            0.19112500000119326
          ],
          "minMs": 0.09658299999864539,
          "maxMs": 0.3846670000002632,
          "medianMs": 0.12650049999956536,
          "p95Ms": 0.19112500000119326,
          "avgMs": 0.1409499000001233,
          "operationsPerFrame16_67ms": 131.77813526474029
        },
        {
          "count": 3000,
          "samples": [
            0.0913749999999709,
            0.10779100000218023,
            0.09529200000179117,
            0.10224999999991269,
            0.08929100000023027,
            0.09412500000325963,
            0.10008400000151596,
            0.08699999999953434,
            0.10595800000010058,
            0.10283300000082818,
            0.109375,
            0.07849999999598367,
            0.08704199999920093,
            0.09916599999996834,
            0.07949999999982538,
            0.10795900000084657,
            0.08808400000270922,
            0.09041699999943376,
            0.1920830000017304,
            0.08416600000055041,
            0.09595799999806331,
            0.10354199999710545,
            0.09558300000207964,
            0.1007919999974547,
            0.0864579999979469,
            0.09066700000403216,
            0.08804199999576667,
            0.0882080000010319,
            0.1202080000002752,
            0.08570899999904213
          ],
          "minMs": 0.07849999999598367,
          "maxMs": 0.1920830000017304,