{
  "generatedAt": "2026-03-14T21:12:24.421Z",
  "environment": {
    "nodeVersion": "v25.4.0",
    "platform": "darwin",
    "arch": "arm64",
    "rssMb": 87
  },
  "config": {
    "parseCounts": [
      1000,
      5000,
      10000
    ],
    "bindCounts": [
      1000,
      3000,
      5000
    ],
    "updateCounts": [
      1000,
      3000,
      5000
    ],
    "runs": {
      "parse": 7,
      "bind": 5,
      "updateSingle": 30,
      "updateBulk": 10
    },
    "warmups": {
      "parse": 1,
      "bind": 1,
      "updateSingle": 3,
      "updateBulk": 2
    }
  },
  "sections": {
    "parse": [
      {
        "count": 1000,
        "samples": [
          7.33708399999999,
          9.192458000000002,
          8.532834000000008,
          8.448208000000022,
          8.728791999999999,
          8.67695900000001,
          8.29245800000001
        ],
        "minMs": 7.33708399999999,
        "maxMs": 9.192458000000002,
        "medianMs": 8.532834000000008,
        "p95Ms": 8.728791999999999,
        "avgMs": 8.458399000000005,
        "opsPerSecond": 117194.35770108724,
        "usPerOperation": 8.532834000000008
      },
      {
        "count": 5000,
        "samples": [
          30.40070800000001,
          30.87716599999999,
          29.135041,
          26.041791999999987,
          21.469666000000018,
          28.98950000000002,
          25.918082999999967
        ],
        "minMs": 21.469666000000018,
        "maxMs": 30.87716599999999,
        "medianMs": 28.98950000000002,
        "p95Ms": 30.40070800000001,
        "avgMs": 27.547422285714283,
        "opsPerSecond": 172476.24139774733,
        "usPerOperation": 5.797900000000005
      },
      {
        "count": 10000,
        "samples": [
          36.715125,
          33.56766700000003,
          58.90095900000006,
          41.68050000000005,
          41.98924999999997,
          37.982708,
          33.22204199999999
        ],
        "minMs": 33.22204199999999,
        "maxMs": 58.90095900000006,
        "medianMs": 37.982708,
        "p95Ms": 41.98924999999997,
        "avgMs": 40.57975014285716,
        "opsPerSecond": 263277.699947039,
        "usPerOperation": 3.7982708
      }
    ],
    "bind": {
      "uniqueExpressionPerBinding": [
        {
          "count": 1000,
          "samples": [
            43.328583000000094,
            31.50608299999999,
            30.923667000000023,
            30.04824999999994,
            28.99133299999994
          ],
          "minMs": 28.99133299999994,
          "maxMs": 43.328583000000094,
          "medianMs": 30.923667000000023,
          "p95Ms": 31.50608299999999,
          "avgMs": 32.9595832,
          "opsPerSecond": 32337.69138698846,
          "usPerOperation": 30.923667000000023
        },
        {
          "count": 3000,
          "samples": [
            106.17229100000009,
            108.32520799999998,
            109.06820800000014,
            114.25233299999991,
            117.38716700000032
          ],
          "minMs": 106.17229100000009,
          "maxMs": 117.38716700000032,
          "medianMs": 109.06820800000014,
          "p95Ms": 114.25233299999991,
          "avgMs": 111.04104140000008,
          "opsPerSecond": 27505.72375774246,
          "usPerOperation": 36.35606933333338
        },
        {
          "count": 5000,
          "samples": [
            198.83287500000006,
            208.58379199999945,
            227.30279100000007,
            219.15137499999946,
            222.39574999999968
          ],
          "minMs": 198.83287500000006,
          "maxMs": 227.30279100000007,
          "medianMs": 219.15137499999946,
          "p95Ms": 222.39574999999968,
          "avgMs": 215.25331659999975,
          "opsPerSecond": 22815.28007752638,
          "usPerOperation": 43.830274999999894
        }
      ],
      "cachedExpressionString": [
        {
          "count": 1000,
          "samples": [
            24.908042000000023,
            26.713999999999942,
            23.07120800000007,
            23.736041999999998,
            28.833082999999988
          ],
          "minMs": 23.07120800000007,
          "maxMs": 28.833082999999988,
          "medianMs": 24.908042000000023,
          "p95Ms": 26.713999999999942,
          "avgMs": 25.452475000000003,
          "opsPerSecond": 40147.675999582745,
          "usPerOperation": 24.908042000000023
        },
        {
          "count": 3000,
          "samples": [
            100.22120900000027,
            111.15720800000008,
            126.0880830000001,
            124.43637499999977,
            128.03279199999997
          ],
          "minMs": 100.22120900000027,
          "maxMs": 128.03279199999997,
          "medianMs": 124.43637499999977,
          "p95Ms": 126.0880830000001,
          "avgMs": 117.98713340000003,
          "opsPerSecond": 24108.706156057706,
          "usPerOperation": 41.47879166666659
        },
        {
          "count": 5000,
          "samples": [
            184.75950000000012,
            211.71308299999964,
            240.32020799999918,
            227.09087499999987,
            270.2473339999997
          ],
          "minMs": 184.75950000000012,
          "maxMs": 270.2473339999997,
          "medianMs": 227.09087499999987,
          "p95Ms": 240.32020799999918,
          "avgMs": 226.8261999999997,
          "opsPerSecond": 22017.617396559872,
          "usPerOperation": 45.41817499999998
        }
      ]
    },
    "update": {
      "singleMutationWithActiveBindings": [
        {
          "count": 1000,
          "samples": [
            0.17433400000118127,
            0.16195799999877636,
            0.13550000000032014,
            0.11791700000139826,
            0.11924999999973807,
            0.15291700000125275,
            0.1325829999987036,
            0.09887499999967986,
            0.08937499999956344,
            0.10100000000056752,
            0.1056670000016311,
            0.08374999999978172,
            0.10991699999794946,
            0.10483299999759765,
            0.11958299999969313,
            0.11137500000040745,
            0.09299999999711872,
            0.09899999999834108,
            0.0897079999995185,
            0.0845420000005106,
            0.10087500000008731,
            0.10133399999904213,
            0.08975000000282307,
            0.09120800000164309,
            0.08779199999844423,
            0.15258299999914016,
            0.0867080000025453,
            0.08741699999882258,
            0.08908299999893643,
            0.09183299999858718
          ],
          "minMs": 0.08374999999978172,
          "maxMs": 0.17433400000118127,
          "medianMs": 0.10093750000032742,
          "p95Ms": 0.15291700000125275,
          "avgMs": 0.10878889999979341,
          "operationsPerFrame16_67ms": 165.15170278584202
        },
        {
          "count": 3000,
          "samples": [
            0.073500000002241,
            0.08516600000075414,
            0.068583000000217,
            0.09383299999899464,
            0.07325000000128057,
            0.07570799999666633,
            0.06545900000492111,
            0.07216699999844423,
            0.09241699999984121,
            0.07166700000379933,
            0.0718330000017886,
            0.09158300000126474,
            0.08004100000107428,
            0.08766700000705896,
            0.0949999999938882,
            0.07041700000263518,
            0.06512500000098953,
            0.06674999999813735,
            0.08929199999693083,
            0.09104200000001583,
            0.06783299999369774,
            0.10904199999640696,
            0.07150000000547152,
            0.12883299999521114,
            0.06725000000005821,
            0.09241699999984121,
            0.06908300000213785,
            0.07295800000429153,
            0.08037500000500586,
            0.07741699999314733
          ],
          "minMs": 0.06512500000098953,