{
  "generatedAt": "2026-03-14T09:53:51.610Z",
  "environment": {
    "nodeVersion": "v25.4.0",
    "platform": "darwin",
    "arch": "arm64",
    "rssMb": 89
  },
  "config": {
    "parseCounts": [
      1000,
      5000,
      10000
    ],
    "bindCounts": [
      1000,
      3000,
      5000
    ],
    "updateCounts": [
      1000,
      3000,
      5000
    ],
    "runs": {
      "parse": 7,
      "bind": 5,
      "updateSingle": 30,
      "updateBulk": 10
    },
    "warmups": {
      "parse": 1,
      "bind": 1,
      "updateSingle": 3,
      "updateBulk": 2
    }
  },
  "sections": {
    "parse": [
      {
        "count": 1000,
        "samples": [
          4.693999999999988,
          8.932416999999987,
          8.709125,
          7.9347080000000005,
          8.413667000000004,
          8.413749999999993,
          9.085667
        ],
        "minMs": 4.693999999999988,
        "maxMs": 9.085667,
        "medianMs": 8.413749999999993,
        "p95Ms": 8.932416999999987,
        "avgMs": 8.026190571428568,
        "opsPerSecond": 118853.06789481513,
        "usPerOperation": 8.413749999999993
      },
      {
        "count": 5000,
        "samples": [
          30.301541000000014,
          31.498541999999986,
          29.608083000000022,
          26.019000000000005,
          21.03362500000003,
          26.815165999999977,
          25.570832999999993
        ],
        "minMs": 21.03362500000003,
        "maxMs": 31.498541999999986,
        "medianMs": 26.815165999999977,
        "p95Ms": 30.301541000000014,
        "avgMs": 27.263827142857146,
        "opsPerSecond": 186461.6463683277,
        "usPerOperation": 5.363033199999995
      },
      {
        "count": 10000,
        "samples": [
          36.32241699999997,
          33.242166,
          51.006125,
          40.4392499999999,
          41.07383299999992,
          38.01104099999998,
          40.38820799999996
        ],
        "minMs": 33.242166,
        "maxMs": 51.006125,
        "medianMs": 40.38820799999996,
        "p95Ms": 41.07383299999992,
        "avgMs": 40.06900571428567,
        "opsPerSecond": 247597.02138802517,
        "usPerOperation": 4.038820799999996
      }
    ],
    "bind": {
      "uniqueExpressionPerBinding": [
        {
          "count": 1000,
          "samples": [
            48.702584,
            39.956292000000076,
            37.506167000000005,
            36.53595900000005,
            34.80829199999994
          ],
          "minMs": 34.80829199999994,
          "maxMs": 48.702584,
          "medianMs": 37.506167000000005,
          "p95Ms": 39.956292000000076,
          "avgMs": 39.501858800000015,
          "opsPerSecond": 26662.28196552316,
          "usPerOperation": 37.506167
        },
        {
          "count": 3000,
          "samples": [
            126.22595799999999,
            152.83083299999998,
            143.4359159999999,
            125.07616699999971,
            153.21029099999987
          ],
          "minMs": 125.07616699999971,
          "maxMs": 153.21029099999987,
          "medianMs": 143.4359159999999,
          "p95Ms": 152.83083299999998,
          "avgMs": 140.1558329999999,
          "opsPerSecond": 20915.26364986578,
          "usPerOperation": 47.81197199999997
        },
        {
          "count": 5000,
          "samples": [
            214.2825840000005,
            237.62187500000073,
            243.29616700000042,
            240.55404199999975,
            259.04554199999984
          ],
          "minMs": 214.2825840000005,
          "maxMs": 259.04554199999984,
          "medianMs": 240.55404199999975,
          "p95Ms": 243.29616700000042,
          "avgMs": 238.96004200000024,
          "opsPerSecond": 20785.350179233345,
          "usPerOperation": 48.110808399999954
        }
      ],
      "cachedExpressionString": [
        {
          "count": 1000,
          "samples": [
            27.547833000000082,
            31.029792000000043,
            28.658457999999882,
            29.298749999999927,
            29.593958999999813
          ],
          "minMs": 27.547833000000082,
          "maxMs": 31.029792000000043,
          "medianMs": 29.298749999999927,
          "p95Ms": 29.593958999999813,
          "avgMs": 29.22575839999995,
          "opsPerSecond": 34131.14893980127,
          "usPerOperation": 29.298749999999927
        },
        {
          "count": 3000,
          "samples": [
            107.81737500000008,
            112.80825000000004,
            124.93120799999997,
            128.09654199999977,
            126.31754200000023
          ],
          "minMs": 107.81737500000008,
          "maxMs": 128.09654199999977,
          "medianMs": 124.93120799999997,
          "p95Ms": 126.31754200000023,
          "avgMs": 119.99418340000003,
          "opsPerSecond": 24013.21533687564,
          "usPerOperation": 41.64373599999999
        },
        {
          "count": 5000,
          "samples": [
            188.12187499999982,
            243.4174579999999,
            250.60554200000115,
            248.49533399999927,
            256.704667
          ],
          "minMs": 188.12187499999982,
          "maxMs": 256.704667,
          "medianMs": 248.49533399999927,
          "p95Ms": 250.60554200000115,
          "avgMs": 237.46897520000002,
          "opsPerSecond": 20121.10215316966,
          "usPerOperation": 49.699066799999855
        }
      ]
    },
    "update": {
      "singleMutationWithActiveBindings": [
        {
          "count": 1000,
          "samples": [
            0.41133300000001327,
            0.16775000000052387,
            0.12099999999918509,
            0.16683300000113377,
            0.16587500000059663,
            0.17970800000148301,
            0.19441699999879347,
            0.1375000000007276,
            0.11412500000005821,
            0.12137500000062573,
            0.144083999999566,
            0.12212499999986903,
            0.11112499999944703,
            0.1078750000015134,
            0.16908300000068266,
            0.13025000000197906,
            0.11441700000068522,
            0.16266699999687262,
            0.1150420000012673,
            0.11641700000109267,
            0.12829100000089966,
            0.11337500000081491,
            0.1117500000000291,
            0.11420899999939138,
            0.1180419999982405,
            0.11970900000233087,
            0.10674999999901047,
            0.15691599999991013,
            0.11958299999969313,
            0.14545899999939138
          ],
          "minMs": 0.10674999999901047,
          "maxMs": 0.41133300000001327,
          "medianMs": 0.12175000000024738,
          "p95Ms": 0.17970800000148301,
          "avgMs": 0.14356950000019425,
          "operationsPerFrame16_67ms": 136.9199178641982
        },
        {
          "count": 3000,
          "samples": [
            0.15841700000237324,
            0.11150000000270666,
            0.13095800000155577,
            0.13333300000158488,
            0.10683300000164309,
            0.2027090000010503,
            0.10620799999742303,
            0.11637500000142609,
            0.12766600000031758,
            0.10658299999704468,
            0.09041699999943376,
            0.10220799999660812,
            0.09333400000468828,
            0.12958299999445444,
            0.08849999999802094,
            0.10470799999893643,
            0.10320900000078836,
            0.08979199999885168,
            0.11775000000488944,
            0.10287499999685679,
            0.10954199999832781,
            0.08916599999793107,
            0.10599999999976717,
            0.11875000000145519,
            0.09287500000209548,
            0.09408299999631708,
            0.09445799999957671,
            0.12337500000285218,
            0.1323340000017197,
            0.10216699999728007
          ],
          "minMs": 0.08849999999802094,
          "maxMs": 0.2027090000010503,