{
  "generatedAt": "2026-03-14T12:23:29.279Z",
  "environment": {
    "nodeVersion": "v25.4.0",
    "platform": "darwin",
    "arch": "arm64",
    "rssMb": 90
  },
  "config": {
    "parseCounts": [
      1000,
      5000,
      10000
    ],
    "bindCounts": [
      1000,
      3000,
      5000
    ],
    "updateCounts": [
      1000,
      3000,
      5000
    ],
    "runs": {
      "parse": 7,
      "bind": 5,
      "updateSingle": 30,
      "updateBulk": 10
    },
    "warmups": {
      "parse": 1,
      "bind": 1,
      "updateSingle": 3,
      "updateBulk": 2
    }
  },
  "sections": {
    "parse": [
      {
        "count": 1000,
        "samples": [
          6.86183299999999,
          8.528875,
          9.245708000000008,
          8.549292000000008,
          8.466584000000012,
          8.829124999999976,
          8.570000000000022
        ],
        "minMs": 6.86183299999999,
        "maxMs": 9.245708000000008,
        "medianMs": 8.549292000000008,
        "p95Ms": 8.829124999999976,
        "avgMs": 8.435916714285716,
        "opsPerSecond": 116968.75016083191,
        "usPerOperation": 8.549292000000008
      },
      {
        "count": 5000,
        "samples": [
          27.66108399999999,
          30.656916999999993,
          28.675583000000017,
          25.937707999999986,
          20.322959000000026,
          28.66341699999998,
          26.18233300000003
        ],
        "minMs": 20.322959000000026,
        "maxMs": 30.656916999999993,
        "medianMs": 27.66108399999999,
        "p95Ms": 28.675583000000017,
        "avgMs": 26.871428714285717,
        "opsPerSecond": 180759.3657573218,
        "usPerOperation": 5.532216799999998
      },
      {
        "count": 10000,
        "samples": [
          37.088166,
          33.433708000000024,
          37.923666000000026,
          41.91125000000011,
          45.37795899999992,
          38.911208999999985,
          33.07849999999996
        ],
        "minMs": 33.07849999999996,
        "maxMs": 45.37795899999992,
        "medianMs": 37.923666000000026,
        "p95Ms": 41.91125000000011,
        "avgMs": 38.246351142857144,
        "opsPerSecond": 263687.5875871281,
        "usPerOperation": 3.7923666000000025
      }
    ],
    "bind": {
      "uniqueExpressionPerBinding": [
        {
          "count": 1000,
          "samples": [
            41.70520799999997,
            37.72474999999997,
            36.153458,
            36.363249999999994,
            34.70308299999999
          ],
          "minMs": 34.70308299999999,
          "maxMs": 41.70520799999997,
          "medianMs": 36.363249999999994,
          "p95Ms": 37.72474999999997,
          "avgMs": 37.32994979999999,
          "opsPerSecond": 27500.29219060453,
          "usPerOperation": 36.363249999999994
        },
        {
          "count": 3000,
          "samples": [
            114.44879100000003,
            129.12754199999995,
            139.8433329999998,
            145.94787499999984,
            147.46849999999995
          ],
          "minMs": 114.44879100000003,
          "maxMs": 147.46849999999995,
          "medianMs": 139.8433329999998,
          "p95Ms": 145.94787499999984,
          "avgMs": 135.3672081999999,
          "opsPerSecond": 21452.57793591064,
          "usPerOperation": 46.61444433333327
        },
        {
          "count": 5000,
          "samples": [
            218.7283749999997,
            235.68645800000013,
            238.51379199999974,
            248.39216699999997,
            262.82987500000036
          ],
          "minMs": 218.7283749999997,
          "maxMs": 262.82987500000036,
          "medianMs": 238.51379199999974,
          "p95Ms": 248.39216699999997,
          "avgMs": 240.83013339999997,
          "opsPerSecond": 20963.148328126892,
          "usPerOperation": 47.702758399999944
        }
      ],
      "cachedExpressionString": [
        {
          "count": 1000,
          "samples": [
            26.391041000000087,
            31.399249999999938,
            29.262917000000016,
            26.989749999999958,
            29.31270799999993
          ],
          "minMs": 26.391041000000087,
          "maxMs": 31.399249999999938,
          "medianMs": 29.262917000000016,
          "p95Ms": 29.31270799999993,
          "avgMs": 28.671133199999986,
          "opsPerSecond": 34172.943182663555,
          "usPerOperation": 29.262917000000016
        },
        {
          "count": 3000,
          "samples": [
            124.21045800000002,
            125.23341699999992,
            121.51875000000018,
            118.71520800000008,
            129.7240829999996
          ],
          "minMs": 118.71520800000008,
          "maxMs": 129.7240829999996,
          "medianMs": 124.21045800000002,
          "p95Ms": 125.23341699999992,
          "avgMs": 123.88038319999995,
          "opsPerSecond": 24152.55565678696,
          "usPerOperation": 41.403486
        },
        {
          "count": 5000,
          "samples": [
            184.95937500000036,
            222.13645799999995,
            233.3668749999997,
            217.3130000000001,
            258.8797919999997
          ],
          "minMs": 184.95937500000036,
          "maxMs": 258.8797919999997,
          "medianMs": 222.13645799999995,
          "p95Ms": 233.3668749999997,
          "avgMs": 223.33109999999996,
          "opsPerSecond": 22508.686980144437,
          "usPerOperation": 44.42729159999999
        }
      ]
    },
    "update": {
      "singleMutationWithActiveBindings": [
        {
          "count": 1000,
          "samples": [
            0.15004200000112178,
            0.1587920000001759,
            0.14233299999978044,
            0.1367499999996653,
            0.1263329999983398,
            0.15341699999953562,
            0.16229200000088895,
            0.11645799999860174,
            0.11520799999925657,
            0.14812499999970896,
            0.12445799999841256,
            0.1422500000007858,
            0.11079200000131095,
            0.18195799999921292,
            0.1053329999995185,
            0.17920800000138115,
            0.11366700000144192,
            0.11433400000169058,
            0.12920799999847077,
            0.13304199999765842,
            0.134541999999783,
            0.11754199999995762,
            0.11195799999768496,
            0.11041699999987031,
            0.11404100000072503,
            0.12450000000171713,
            0.22116700000333367,
            0.1334999999999127,
            0.1343749999978172,
            0.11345900000014808
          ],
          "minMs": 0.1053329999995185,
          "maxMs": 0.22116700000333367,
          "medianMs": 0.1311249999980646,
          "p95Ms": 0.17920800000138115,
          "avgMs": 0.1353166999999303,
          "operationsPerFrame16_67ms": 127.13060057384976
        },
        {
          "count": 3000,
          "samples": [
            0.08720800000082818,
            0.0970000000015716,
            0.09491700000216952,
            0.13966699999946286,
            0.23141599999871687,
            0.09329200000138371,
            0.08941699999923003,
            0.08954099999755272,
            0.11991600000328617,
            0.08645899999828544,
            0.14045900000201073,
            0.0836669999989681,
            0.09037499999976717,
            0.10454200000094716,
            0.10504199999559205,
            0.09395799999765586,
            0.08433299999887822,
            0.09354199999506818,
            0.13712499999383,
            0.0796249999984866,
            0.09016699999483535,
            0.09100000000034925,
            0.12329199999658158,
            0.1030830000017886,
            0.111083999996481,
            0.1135839999988093,
            0.08295799999905284,
            0.09745900000416441,
            0.10858400000142865,
            0.08637499999895226
          ],
          "minMs": 0.0796249999984866,