{
  "generatedAt": "2026-03-14T21:11:12.793Z",
  "environment": {
    "nodeVersion": "v25.4.0",
    "platform": "darwin",
    "arch": "arm64",
    "rssMb": 87
  },
  "config": {
    "parseCounts": [
      1000,
      5000,
      10000
    ],
    "bindCounts": [
      1000,
      3000,
      5000
    ],
    "updateCounts": [
      1000,
      3000,
      5000
    ],
    "runs": {
      "parse": 7,
      "bind": 5,
      "updateSingle": 30,
      "updateBulk": 10
    },
    "warmups": {
      "parse": 1,
      "bind": 1,
      "updateSingle": 3,
      "updateBulk": 2
    }
  },
  "sections": {
    "parse": [
      {
        "count": 1000,
        "samples": [
          9.370375000000024,
          8.585708000000011,
          9.320374999999984,
          8.36654200000001,
          8.745916999999992,
          9.154958000000022,
          9.193416000000013
        ],
        "minMs": 8.36654200000001,
        "maxMs": 9.370375000000024,
        "medianMs": 9.154958000000022,
        "p95Ms": 9.320374999999984,
        "avgMs": 8.962470142857152,
        "opsPerSecond": 109230.43011229519,
        "usPerOperation": 9.154958000000022
      },
      {
        "count": 5000,
        "samples": [
          32.931916,
          34.56554199999999,
          32.98041699999999,
          28.33029099999999,
          32.43366699999996,
          55.68691700000005,
          24.72233300000005
        ],
        "minMs": 24.72233300000005,
        "maxMs": 55.68691700000005,
        "medianMs": 32.931916,
        "p95Ms": 34.56554199999999,
        "avgMs": 34.52158328571429,
        "opsPerSecond": 151828.39650143648,
        "usPerOperation": 6.586383199999999
      },
      {
        "count": 10000,
        "samples": [
          37.28720899999996,
          34.547459,
          40.3102090000001,
          46.39458300000001,
          41.414083000000005,
          40.38987499999996,
          40.84854199999995
        ],
        "minMs": 34.547459,
        "maxMs": 46.39458300000001,
        "medianMs": 40.38987499999996,
        "p95Ms": 41.414083000000005,
        "avgMs": 40.17028,
        "opsPerSecond": 247586.8023854991,
        "usPerOperation": 4.038987499999997
      }
    ],
    "bind": {
      "uniqueExpressionPerBinding": [
        {
          "count": 1000,
          "samples": [
            41.63404200000002,
            32.44416700000011,
            34.927374999999984,
            31.3888750000001,
            30.183416999999963
          ],
          "minMs": 30.183416999999963,
          "maxMs": 41.63404200000002,
          "medianMs": 32.44416700000011,
          "p95Ms": 34.927374999999984,
          "avgMs": 34.11557520000004,
          "opsPerSecond": 30822.181380092043,
          "usPerOperation": 32.44416700000011
        },
        {
          "count": 3000,
          "samples": [
            108.40241600000013,
            107.41216699999995,
            118.950875,
            113.78412499999968,
            120.4262920000001
          ],
          "minMs": 107.41216699999995,
          "maxMs": 120.4262920000001,
          "medianMs": 113.78412499999968,
          "p95Ms": 118.950875,
          "avgMs": 113.79517499999997,
          "opsPerSecond": 26365.71665862886,
          "usPerOperation": 37.92804166666656
        },
        {
          "count": 5000,
          "samples": [
            196.22749999999996,
            205.26287500000035,
            211.44533299999966,
            214.65770799999973,
            227.79345899999953
          ],
          "minMs": 196.22749999999996,
          "maxMs": 227.79345899999953,
          "medianMs": 211.44533299999966,
          "p95Ms": 214.65770799999973,
          "avgMs": 211.07737499999985,
          "opsPerSecond": 23646.77398673069,
          "usPerOperation": 42.289066599999934
        }
      ],
      "cachedExpressionString": [
        {
          "count": 1000,
          "samples": [
            23.521167000000105,
            28.903957999999875,
            23.250750000000153,
            25.73349999999982,
            28.336000000000013
          ],
          "minMs": 23.250750000000153,
          "maxMs": 28.903957999999875,
          "medianMs": 25.73349999999982,
          "p95Ms": 28.336000000000013,
          "avgMs": 25.949074999999993,
          "opsPerSecond": 38859.851943964364,
          "usPerOperation": 25.73349999999982
        },
        {
          "count": 3000,
          "samples": [
            98.31204200000002,
            110.04925000000003,
            116.8215409999998,
            115.19220899999982,
            133.09683399999994
          ],
          "minMs": 98.31204200000002,
          "maxMs": 133.09683399999994,
          "medianMs": 115.19220899999982,
          "p95Ms": 116.8215409999998,
          "avgMs": 114.69437519999993,
          "opsPerSecond": 26043.427989127325,
          "usPerOperation": 38.39740299999994
        },
        {
          "count": 5000,
          "samples": [
            186.9632499999998,
            218.65920800000004,
            231.51341599999978,
            221.1647499999999,
            253.58620800000062
          ],
          "minMs": 186.9632499999998,
          "maxMs": 253.58620800000062,
          "medianMs": 221.1647499999999,
          "p95Ms": 231.51341599999978,
          "avgMs": 222.37736640000003,
          "opsPerSecond": 22607.581000136786,
          "usPerOperation": 44.23294999999998
        }
      ]
    },
    "update": {
      "singleMutationWithActiveBindings": [
        {
          "count": 1000,
          "samples": [
            0.15395900000112306,
            0.12570799999957671,
            0.12612500000068394,
            0.12308300000040617,
            0.120375000000422,
            0.1322920000002341,
            0.14474999999947613,
            0.13375000000087311,
            0.0924589999995078,
            0.08845800000017334,
            0.11591600000065228,
            0.09066600000005565,
            0.08816699999988487,
            0.09391700000196579,
            0.09500000000116415,
            0.10141700000167475,
            0.08579200000167475,
            0.09270800000012969,
            0.11916600000040489,
            0.09383300000263262,
            0.15250000000014552,
            0.09220800000184681,
            0.08545800000138115,
            0.09541700000045239,
            0.12429200000042329,
            0.10466599999926984,
            0.09008299999914016,
            0.08612499999799184,
            0.08766600000308244,
            0.1378340000010212
          ],
          "minMs": 0.08545800000138115,
          "maxMs": 0.15395900000112306,
          "medianMs": 0.09841700000106357,
          "p95Ms": 0.14474999999947613,
          "avgMs": 0.10912633333391568,
          "operationsPerFrame16_67ms": 169.3813060733395
        },
        {
          "count": 3000,
          "samples": [
            0.12175000000206637,
            0.07645799999954761,
            0.07929200000216952,
            0.11804099999790196,
            0.06970799999908195,
            0.06566700000257697,
            0.0776250000053551,
            0.08212500000081491,
            0.09529099999781465,
            0.07145899999886751,
            0.07470900000043912,
            0.07816699999966659,
            0.08391600000322796,
            0.08208300000114832,
            0.07795800000167219,
            0.07541700000001583,
            0.08162499999889405,
            0.07691699999850243,
            0.11929200000304263,
            0.08504199999879347,
            0.07004099999903701,
            0.07395800000085728,
            0.07016699999803677,
            0.08783399999811081,
            0.0715829999971902,
            0.0812080000032438,
            0.08083299999998417,
            0.07349999999860302,
            0.08741599999484606,
            0.0632499999992433
          ],
          "minMs": 0.0632499999992433,
          "maxMs": 0.12175000000206637,