{
  "generatedAt": "2026-03-14T09:24:01.397Z",
  "environment": {
    "nodeVersion": "v25.4.0",
    "platform": "darwin",
    "arch": "arm64",
    "rssMb": 76
  },
  "config": {
    "parseCounts": [
      1000,
      5000,
      10000
    ],
    "bindCounts": [
      1000,
      3000,
      5000
    ],
    "updateCounts": [
      1000,
      3000,
      5000
    ],
    "runs": {
      "parse": 7,
      "bind": 5,
      "updateSingle": 30,
      "updateBulk": 10
    },
    "warmups": {
      "parse": 1,
      "bind": 1,
      "updateSingle": 3,
      "updateBulk": 2
    }
  },
  "sections": {
    "parse": [
      {
        "count": 1000,
        "samples": [
          4.55187500000001,
          9.117334,
          8.613165999999993,
          8.334000000000003,
          8.381791000000021,
          9.023957999999993,
          9.384499999999974
        ],
        "minMs": 4.55187500000001,
        "maxMs": 9.384499999999974,
        "medianMs": 8.613165999999993,
        "p95Ms": 9.117334,
        "avgMs": 8.200946285714284,
        "opsPerSecond": 116101.32673630124,
        "usPerOperation": 8.613165999999993
      },
      {
        "count": 5000,
        "samples": [
          31.016917000000007,
          31.00083300000003,
          29.465666999999996,
          26.092833999999982,
          19.982958000000053,
          28.753041999999994,
          25.286
        ],
        "minMs": 19.982958000000053,
        "maxMs": 31.016917000000007,
        "medianMs": 28.753041999999994,
        "p95Ms": 31.00083300000003,
        "avgMs": 27.371178714285723,
        "opsPerSecond": 173894.6439128076,
        "usPerOperation": 5.750608399999999
      },
      {
        "count": 10000,
        "samples": [
          37.68354099999999,
          34.10683399999999,
          39.17949999999996,
          39.96625000000006,
          42.29150000000004,
          38.295584000000076,
          41.216458999999986
        ],
        "minMs": 34.10683399999999,
        "maxMs": 42.29150000000004,
        "medianMs": 39.17949999999996,
        "p95Ms": 41.216458999999986,
        "avgMs": 38.96280971428573,
        "opsPerSecond": 255235.5185747651,
        "usPerOperation": 3.9179499999999963
      }
    ],
    "bind": {
      "uniqueExpressionPerBinding": [
        {
          "count": 1000,
          "samples": [
            46.43770900000004,
            38.958624999999984,
            41.24070900000004,
            36.87741700000004,
            33.243999999999915
          ],
          "minMs": 33.243999999999915,
          "maxMs": 46.43770900000004,
          "medianMs": 38.958624999999984,
          "p95Ms": 41.24070900000004,
          "avgMs": 39.351692,
          "opsPerSecond": 25668.257029091772,
          "usPerOperation": 38.958624999999984
        },
        {
          "count": 3000,
          "samples": [
            112.78737499999988,
            139.39612499999998,
            132.78150000000005,
            143.58358399999997,
            137.39970799999992
          ],
          "minMs": 112.78737499999988,
          "maxMs": 143.58358399999997,
          "medianMs": 137.39970799999992,
          "p95Ms": 139.39612499999998,
          "avgMs": 133.18965839999996,
          "opsPerSecond": 21834.107536822434,
          "usPerOperation": 45.79990266666664
        },
        {
          "count": 5000,
          "samples": [
            217.98629100000016,
            236.61074999999983,
            233.0496659999999,
            245.965459,
            258.3648750000002
          ],
          "minMs": 217.98629100000016,
          "maxMs": 258.3648750000002,
          "medianMs": 236.61074999999983,
          "p95Ms": 245.965459,
          "avgMs": 238.39540820000002,
          "opsPerSecond": 21131.7533121382,
          "usPerOperation": 47.322149999999965
        }
      ],
      "cachedExpressionString": [
        {
          "count": 1000,
          "samples": [
            31.09416699999997,
            33.402459000000135,
            27.29579100000001,
            26.484375,
            28.87324999999987
          ],
          "minMs": 26.484375,
          "maxMs": 33.402459000000135,
          "medianMs": 28.87324999999987,
          "p95Ms": 31.09416699999997,
          "avgMs": 29.4300084,
          "opsPerSecond": 34634.133670439056,
          "usPerOperation": 28.873249999999867
        },
        {
          "count": 3000,
          "samples": [
            110.4663330000003,
            120.20508300000029,
            124.53437500000018,
            125.03529200000003,
            127.27033400000028
          ],
          "minMs": 110.4663330000003,
          "maxMs": 127.27033400000028,
          "medianMs": 124.53437500000018,
          "p95Ms": 125.03529200000003,
          "avgMs": 121.50228340000021,
          "opsPerSecond": 24089.73426011891,
          "usPerOperation": 41.511458333333394
        },
        {
          "count": 5000,
          "samples": [
            190.49804200000017,
            220.9390829999993,
            230.12866699999904,
            221.92062499999884,
            240.38374999999905
          ],
          "minMs": 190.49804200000017,
          "maxMs": 240.38374999999905,
          "medianMs": 221.92062499999884,
          "p95Ms": 230.12866699999904,
          "avgMs": 220.77403339999927,
          "opsPerSecond": 22530.57821912689,
          "usPerOperation": 44.38412499999977
        }
      ]
    },
    "update": {
      "singleMutationWithActiveBindings": [
        {
          "count": 1000,
          "samples": [
            0.1836249999996653,
            0.22087500000088767,
            0.1492920000000595,
            0.11337499999899592,
            0.13845800000126474,
            0.16737499999908323,
            0.16533300000082818,
            0.12233299999934388,
            0.11245799999960582,
            0.15899999999965075,
            0.1775419999994483,
            0.10604099999909522,
            0.11887500000011642,
            0.1181670000005397,
            0.12691600000107428,
            0.131375000000844,
            0.0970000000015716,
            0.7079169999997248,
            0.10891699999774573,
            0.11000000000058208,
            0.14025000000037835,
            0.11300000000119326,
            0.13450000000011642,
            0.09787499999947613,
            0.11691599999903701,
            0.13904200000251876,
            0.11083299999882001,
            0.18870800000149757,
            0.11820900000020629,
            0.10837499999979627
          ],
          "minMs": 0.0970000000015716,
          "maxMs": 0.7079169999997248,
          "medianMs": 0.12462450000020908,
          "p95Ms": 0.18870800000149757,
          "avgMs": 0.15341940000010557,
          "operationsPerFrame16_67ms": 133.76182050858407
        },
        {
          "count": 3000,
          "samples": [
            0.10337499999877764,
            0.19287500000064028,
            0.08662499999991269,
            0.14241599999877508,
            0.10320800000044983,
            0.10749999999825377,
            0.0957909999997355,
            0.1331659999996191,
            0.13850000000093132,
            0.10462499999994179,
            0.08333299999503652,
            0.09037499999976717,
            0.10149999999703141,
            0.11604200000147102,
            0.091999999996915,
            0.09125000000494765,
            0.08883300000161398,
            0.09212500000285218,
            0.11479099999996834,
            0.09620800000266172,
            0.1413749999992433,
            0.12466699999640696,
            0.2219589999949676,
            0.23212499999499414,
            0.09324999999807915,
            0.08808400000270922,
            0.14654200000222772,
            0.0972920000058366,
            0.12191700000403216,
            0.08645899999828544
          ],
          "minMs": 0.08333299999503652,
          "maxMs": 0.23212499999499414,