{
  "generatedAt": "2026-03-14T12:41:23.340Z",
  "environment": {
    "nodeVersion": "v25.4.0",
    "platform": "darwin",
    "arch": "arm64",
    "rssMb": 89
  },
  "config": {
    "parseCounts": [
      1000,
      5000,
      10000
    ],
    "bindCounts": [
      1000,
      3000,
      5000
    ],
    "updateCounts": [
      1000,
      3000,
      5000
    ],
    "runs": {
      "parse": 7,
      "bind": 5,
      "updateSingle": 30,
      "updateBulk": 10
    },
    "warmups": {
      "parse": 1,
      "bind": 1,
      "updateSingle": 3,
      "updateBulk": 2
    }
  },
  "sections": {
    "parse": [
      {
        "count": 1000,
        "samples": [
          6.843832999999989,
          10.60775000000001,
          9.182917000000003,
          9.174082999999996,
          9.96875,
          11.0445,
          9.420041999999995
        ],
        "minMs": 6.843832999999989,
        "maxMs": 11.0445,
        "medianMs": 9.420041999999995,
        "p95Ms": 10.60775000000001,
        "avgMs": 9.463125,
        "opsPerSecond": 106156.63921668295,
        "usPerOperation": 9.420041999999995
      },
      {
        "count": 5000,
        "samples": [
          30.940124999999966,
          31.852833000000032,
          30.25654099999997,
          29.254791999999952,
          21.81866599999995,
          29.478625000000022,
          26.901167000000044
        ],
        "minMs": 21.81866599999995,
        "maxMs": 31.852833000000032,
        "medianMs": 29.478625000000022,
        "p95Ms": 30.940124999999966,
        "avgMs": 28.643249857142848,
        "opsPerSecond": 169614.42401061775,
        "usPerOperation": 5.895725000000004
      },
      {
        "count": 10000,
        "samples": [
          43.971541,
          44.75774999999999,
          38.32620899999995,
          41.31908299999998,
          43.54600000000005,
          42.17150000000004,
          42.49391700000001
        ],
        "minMs": 38.32620899999995,
        "maxMs": 44.75774999999999,
        "medianMs": 42.49391700000001,
        "p95Ms": 43.971541,
        "avgMs": 42.36942857142857,
        "opsPerSecond": 235327.7999766413,
        "usPerOperation": 4.249391700000001
      }
    ],
    "bind": {
      "uniqueExpressionPerBinding": [
        {
          "count": 1000,
          "samples": [
            43.668916999999965,
            40.35466699999995,
            36.47225000000003,
            37.53283299999998,
            39.07333300000005
          ],
          "minMs": 36.47225000000003,
          "maxMs": 43.668916999999965,
          "medianMs": 39.07333300000005,
          "p95Ms": 40.35466699999995,
          "avgMs": 39.420399999999994,
          "opsPerSecond": 25592.902453445648,
          "usPerOperation": 39.07333300000005
        },
        {
          "count": 3000,
          "samples": [
            114.71749999999997,
            113.22229199999992,
            119.69729099999995,
            122.80445800000007,
            136.4183750000002
          ],
          "minMs": 113.22229199999992,
          "maxMs": 136.4183750000002,
          "medianMs": 119.69729099999995,
          "p95Ms": 122.80445800000007,
          "avgMs": 121.37198320000002,
          "opsPerSecond": 25063.223861933526,
          "usPerOperation": 39.89909699999998
        },
        {
          "count": 5000,
          "samples": [
            219.2071249999999,
            232.55149999999958,
            242.24870800000008,
            249.16699999999946,
            248.1638329999996
          ],
          "minMs": 219.2071249999999,
          "maxMs": 249.16699999999946,
          "medianMs": 242.24870800000008,
          "p95Ms": 248.1638329999996,
          "avgMs": 238.26763319999972,
          "opsPerSecond": 20639.944961027402,
          "usPerOperation": 48.44974160000002
        }
      ],
      "cachedExpressionString": [
        {
          "count": 1000,
          "samples": [
            29.474707999999964,
            32.75475000000006,
            27.97070799999983,
            28.74850000000015,
            29.273707999999942
          ],
          "minMs": 27.97070799999983,
          "maxMs": 32.75475000000006,
          "medianMs": 29.273707999999942,
          "p95Ms": 29.474707999999964,
          "avgMs": 29.64447479999999,
          "opsPerSecond": 34160.34620554397,
          "usPerOperation": 29.27370799999994
        },
        {
          "count": 3000,
          "samples": [
            106.41158300000006,
            107.69766600000003,
            119.47645899999998,
            118.669625,
            125.42737500000021
          ],
          "minMs": 106.41158300000006,
          "maxMs": 125.42737500000021,
          "medianMs": 118.669625,
          "p95Ms": 119.47645899999998,
          "avgMs": 115.53654160000005,
          "opsPerSecond": 25280.268644988133,
          "usPerOperation": 39.55654166666667
        },
        {
          "count": 5000,
          "samples": [
            180.95929199999955,
            211.56158400000004,
            215.90554200000042,
            218.15158299999894,
            237.72387499999968
          ],
          "minMs": 180.95929199999955,
          "maxMs": 237.72387499999968,
          "medianMs": 215.90554200000042,
          "p95Ms": 218.15158299999894,
          "avgMs": 212.86037519999974,
          "opsPerSecond": 23158.275390633513,
          "usPerOperation": 43.181108400000085
        }
      ]
    },
    "update": {
      "singleMutationWithActiveBindings": [
        {
          "count": 1000,
          "samples": [
            0.14345900000080292,
            0.15670800000043528,
            0.1411660000012489,
            0.22254199999952107,
            0.13662500000100408,
            0.20795800000087183,
            0.15916700000161654,
            0.12308300000040617,
            0.11145899999974063,
            0.10941600000114704,
            0.12283299999944575,
            0.10629199999857519,
            0.11020900000039546,
            0.12049999999908323,
            0.10924999999951979,
            0.12749999999869033,
            0.12199999999938882,
            0.10754200000155834,
            0.11154099999839673,
            0.10741699999925913,
            0.23120899999776157,
            0.16775000000052387,
            0.10795800000050804,
            0.1040419999990263,
            0.10825000000113505,
            0.19474999999874854,
            0.1172919999989972,
            0.11220799999864539,
            0.14212500000212458,
            0.10779099999854225
          ],
          "minMs": 0.1040419999990263,
          "maxMs": 0.23120899999776157,
          "medianMs": 0.12124999999923602,
          "p95Ms": 0.20795800000087183,
          "avgMs": 0.135001399999904,
          "operationsPerFrame16_67ms": 137.48453608334052
        },
        {
          "count": 3000,
          "samples": [
            0.08370800000193412,
            0.10195800000292365,
            0.09487499999886495,
            0.10791700000117999,
            0.09179199999925913,
            0.0889580000002752,
            0.08470799999849987,
            0.0824590000011085,
            0.10091599999941536,
            0.08191599999918253,
            0.08762500000011642,
            0.11016700000254787,
            0.08562499999970896,
            0.09570800000074087,
            0.08020799999940209,
            0.08449999999720603,
            0.08724999999685679,
            0.09479199999623233,
            0.11674999999377178,
            0.0793340000018361,
            0.08250000000407454,
            0.08508399999846006,
            0.08350000000064028,
            0.11616700000013225,
            0.09549999999580905,
            0.09108299999934388,
            0.09104200000001583,
            0.08729200000379933,
            0.11183299999538576,
            0.08020899999974063
          ],
          "minMs": 0.0793340000018361,
          "maxMs": 0.11674999999377178,