{
  "generatedAt": "2026-03-14T20:47:56.279Z",
  "environment": {
    "nodeVersion": "v25.4.0",
    "platform": "darwin",
    "arch": "arm64",
    "rssMb": 88
  },
  "config": {
    "parseCounts": [
      1000,
      5000,
      10000
    ],
    "bindCounts": [
      1000,
      3000,
      5000
    ],
    "updateCounts": [
      1000,
      3000,
      5000
    ],
    "runs": {
      "parse": 7,
      "bind": 5,
      "updateSingle": 30,
      "updateBulk": 10
    },
    "warmups": {
      "parse": 1,
      "bind": 1,
      "updateSingle": 3,
      "updateBulk": 2
    }
  },
  "sections": {
    "parse": [
      {
        "count": 1000,
        "samples": [
          3.8118750000000006,
          9.348665999999994,
          9.062375000000003,
          8.769082999999995,
          8.877291000000014,
          8.662125000000003,
          8.428541999999993
        ],
        "minMs": 3.8118750000000006,
        "maxMs": 9.348665999999994,
        "medianMs": 8.769082999999995,
        "p95Ms": 9.062375000000003,
        "avgMs": 8.137136714285715,
        "opsPerSecond": 114037.00934293821,
        "usPerOperation": 8.769082999999995
      },
      {
        "count": 5000,
        "samples": [
          31.276250000000005,
          31.577500000000015,
          29.40816700000005,
          26.497082999999975,
          19.494958999999994,
          28.441458999999952,
          26.558333000000005
        ],
        "minMs": 19.494958999999994,
        "maxMs": 31.577500000000015,
        "medianMs": 28.441458999999952,
        "p95Ms": 31.276250000000005,
        "avgMs": 27.607678714285715,
        "opsPerSecond": 175799.70141475543,
        "usPerOperation": 5.68829179999999
      },
      {
        "count": 10000,
        "samples": [
          36.22633300000001,
          35.56295899999998,
          38.34970899999996,
          41.412000000000035,
          43.007375000000025,
          37.66425000000004,
          42.336625000000026
        ],
        "minMs": 35.56295899999998,
        "maxMs": 43.007375000000025,
        "medianMs": 38.34970899999996,
        "p95Ms": 42.336625000000026,
        "avgMs": 39.22275014285715,
        "opsPerSecond": 260758.171593949,
        "usPerOperation": 3.834970899999996
      }
    ],
    "bind": {
      "uniqueExpressionPerBinding": [
        {
          "count": 1000,
          "samples": [
            41.69554100000005,
            32.05433300000004,
            31.809166000000005,
            29.153167000000053,
            31.225708999999938
          ],
          "minMs": 29.153167000000053,
          "maxMs": 41.69554100000005,
          "medianMs": 31.809166000000005,
          "p95Ms": 32.05433300000004,
          "avgMs": 33.18758320000002,
          "opsPerSecond": 31437.479373083843,
          "usPerOperation": 31.809166000000005
        },
        {
          "count": 3000,
          "samples": [
            109.12266700000009,
            108.21495800000002,
            109.60320899999988,
            116.02220899999975,
            124.40712500000018
          ],
          "minMs": 108.21495800000002,
          "maxMs": 124.40712500000018,
          "medianMs": 109.60320899999988,
          "p95Ms": 116.02220899999975,
          "avgMs": 113.47403359999998,
          "opsPerSecond": 27371.461359311146,
          "usPerOperation": 36.53440299999996
        },
        {
          "count": 5000,
          "samples": [
            203.7348750000001,
            220.85858300000018,
            363.6489160000001,
            244.8017920000002,
            257.0124999999998
          ],
          "minMs": 203.7348750000001,
          "maxMs": 363.6489160000001,
          "medianMs": 244.8017920000002,
          "p95Ms": 257.0124999999998,
          "avgMs": 258.0113332000001,
          "opsPerSecond": 20424.687087257906,
          "usPerOperation": 48.96035840000004
        }
      ],
      "cachedExpressionString": [
        {
          "count": 1000,
          "samples": [
            25.284875000000056,
            27.290499999999838,
            23.107666999999992,
            55.16716599999995,
            26.794083
          ],
          "minMs": 23.107666999999992,
          "maxMs": 55.16716599999995,
          "medianMs": 26.794083,
          "p95Ms": 27.290499999999838,
          "avgMs": 31.528858199999966,
          "opsPerSecond": 37321.67284844195,
          "usPerOperation": 26.794082999999997
        },
        {
          "count": 3000,
          "samples": [
            99.2616250000001,
            111.26708299999973,
            126.13633299999992,
            117.96408299999985,
            141.47379199999978
          ],
          "minMs": 99.2616250000001,
          "maxMs": 141.47379199999978,
          "medianMs": 117.96408299999985,
          "p95Ms": 126.13633299999992,
          "avgMs": 119.22058319999988,
          "opsPerSecond": 25431.46967878353,
          "usPerOperation": 39.321360999999946
        },
        {
          "count": 5000,
          "samples": [
            186.0157909999998,
            219.72808299999997,
            260.6756669999995,
            237.02929100000074,
            256.32887499999924
          ],
          "minMs": 186.0157909999998,
          "maxMs": 260.6756669999995,
          "medianMs": 237.02929100000074,
          "p95Ms": 256.32887499999924,
          "avgMs": 231.95554139999984,
          "opsPerSecond": 21094.4393366134,
          "usPerOperation": 47.40585820000015
        }
      ]
    },
    "update": {
      "singleMutationWithActiveBindings": [
        {
          "count": 1000,
          "samples": [
            0.15300000000024738,
            0.13670900000033726,
            0.11779099999876053,
            0.14295800000036252,
            0.11604199999965203,
            0.1898750000000291,
            0.1393339999995078,
            0.09495799999967858,
            0.08333399999901303,
            0.1235000000015134,
            0.13154099999883329,
            0.08670799999890733,
            0.12529100000028848,
            0.10058399999979883,
            0.09237500000017462,
            0.12479200000234414,
            0.0919160000012198,
            0.09833299999809242,
            0.08883399999831454,
            0.08775000000241562,
            0.10037500000180444,
            0.09058299999742303,
            0.09979100000055041,
            0.10633299999972223,
            0.08487500000046566,
            0.09729199999856064,
            0.08824999999706051,
            0.0884169999990263,
            0.11283400000320398,
            0.0907919999990554
          ],
          "minMs": 0.08333399999901303,
          "maxMs": 0.1898750000000291,
          "medianMs": 0.10008300000117742,
          "p95Ms": 0.14295800000036252,
          "avgMs": 0.10950556666654544,
          "operationsPerFrame16_67ms": 166.56175374243267
        },
        {
          "count": 3000,
          "samples": [
            0.08387500000026193,
            0.0717079999994894,
            0.07529200000135461,
            0.08449999999720603,
            0.07016700000167475,
            0.07325000000128057,
            0.07325000000128057,
            0.11666599999443861,
            0.08462499999586726,
            0.0708329999979469,
            0.08224999999947613,
            0.06745800000499003,
            0.07037500000296859,
            0.1251669999983278,
            0.07929099999455502,
            0.07529100000101607,
            0.06816699999762932,
            0.0914169999959995,
            0.10287500000413274,
            0.06466699999873526,
            0.06804200000624405,
            0.10700000000360887,
            0.07174999999551801,
            0.12162499999976717,
            0.06974999999511056,
            0.08054200000333367,
            0.0727919999990263,
            0.06937499999912689,
            0.08941600000252947,
            0.10783400000218535
          ],