{
  "generatedAt": "2026-03-14T14:48:03.164Z",
  "environment": {
    "nodeVersion": "v25.4.0",
    "platform": "darwin",
    "arch": "arm64",
    "rssMb": 89
  },
  "config": {
    "parseCounts": [
      1000,
      5000,
      10000
    ],
    "bindCounts": [
      1000,
      3000,
      5000
    ],
    "updateCounts": [
      1000,
      3000,
      5000
    ],
    "runs": {
      "parse": 7,
      "bind": 5,
      "updateSingle": 30,
      "updateBulk": 10
    },
    "warmups": {
      "parse": 1,
      "bind": 1,
      "updateSingle": 3,
      "updateBulk": 2
    }
  },
  "sections": {
    "parse": [
      {
        "count": 1000,
        "samples": [
          4.617790999999997,
          9.08095800000001,
          8.807374999999979,
          8.771000000000015,
          8.643374999999992,
          8.51879199999999,
          8.601458000000008
        ],
        "minMs": 4.617790999999997,
        "maxMs": 9.08095800000001,
        "medianMs": 8.643374999999992,
        "p95Ms": 8.807374999999979,
        "avgMs": 8.148678428571428,
        "opsPerSecond": 115695.5471676285,
        "usPerOperation": 8.643374999999994
      },
      {
        "count": 5000,
        "samples": [
          27.644834000000003,
          28.971957999999972,
          28.22316699999999,
          28.066332999999986,
          21.707583,
          27.574958000000038,
          25.00158300000004
        ],
        "minMs": 21.707583,
        "maxMs": 28.971957999999972,
        "medianMs": 27.644834000000003,
        "p95Ms": 28.22316699999999,
        "avgMs": 26.741488000000004,
        "opsPerSecond": 180865.61850941117,
        "usPerOperation": 5.5289668
      },
      {
        "count": 10000,
        "samples": [
          43.47249999999997,
          42.833417,
          39.663625000000025,
          41.656375000000025,
          42.73766599999999,
          39.00037499999996,
          42.863624999999956
        ],
        "minMs": 39.00037499999996,
        "maxMs": 43.47249999999997,
        "medianMs": 42.73766599999999,
        "p95Ms": 42.863624999999956,
        "avgMs": 41.74679757142856,
        "opsPerSecond": 233985.63693206836,
        "usPerOperation": 4.273766599999999
      }
    ],
    "bind": {
      "uniqueExpressionPerBinding": [
        {
          "count": 1000,
          "samples": [
            37.921583000000055,
            33.50845800000002,
            33.035749999999894,
            32.437666000000036,
            28.710916999999995
          ],
          "minMs": 28.710916999999995,
          "maxMs": 37.921583000000055,
          "medianMs": 33.035749999999894,
          "p95Ms": 33.50845800000002,
          "avgMs": 33.1228748,
          "opsPerSecond": 30270.237545689237,
          "usPerOperation": 33.035749999999894
        },
        {
          "count": 3000,
          "samples": [
            104.696958,
            107.96012500000006,
            113.48475000000008,
            115.20116699999971,
            121.35779199999979
          ],
          "minMs": 104.696958,
          "maxMs": 121.35779199999979,
          "medianMs": 113.48475000000008,
          "p95Ms": 115.20116699999971,
          "avgMs": 112.54015839999992,
          "opsPerSecond": 26435.26993715013,
          "usPerOperation": 37.828250000000025
        },
        {
          "count": 5000,
          "samples": [
            196.01016600000003,
            213.16179199999988,
            209.61170800000036,
            215.87195800000063,
            217.05108399999972
          ],
          "minMs": 196.01016600000003,
          "maxMs": 217.05108399999972,
          "medianMs": 213.16179199999988,
          "p95Ms": 215.87195800000063,
          "avgMs": 210.34134160000013,
          "opsPerSecond": 23456.361260089252,
          "usPerOperation": 42.63235839999997
        }
      ],
      "cachedExpressionString": [
        {
          "count": 1000,
          "samples": [
            25.289582999999993,
            28.030916999999818,
            26.05512500000009,
            24.68404099999998,
            26.188625000000002
          ],
          "minMs": 24.68404099999998,
          "maxMs": 28.030916999999818,
          "medianMs": 26.05512500000009,
          "p95Ms": 26.188625000000002,
          "avgMs": 26.049658199999975,
          "opsPerSecond": 38380.165130660345,
          "usPerOperation": 26.055125000000086
        },
        {
          "count": 3000,
          "samples": [
            95.20104100000026,
            109.67150000000038,
            115.9074999999998,
            116.79045799999994,
            119.61654199999975
          ],
          "minMs": 95.20104100000026,
          "maxMs": 119.61654199999975,
          "medianMs": 115.9074999999998,
          "p95Ms": 116.79045799999994,
          "avgMs": 111.43740820000002,
          "opsPerSecond": 25882.70819403408,
          "usPerOperation": 38.63583333333327
        },
        {
          "count": 5000,
          "samples": [
            181.94574999999986,
            207.28362500000003,
            212.29020799999944,
            225.7952499999992,
            247.75545799999963
          ],
          "minMs": 181.94574999999986,
          "maxMs": 247.75545799999963,
          "medianMs": 212.29020799999944,
          "p95Ms": 225.7952499999992,
          "avgMs": 215.01405819999962,
          "opsPerSecond": 23552.664284920826,
          "usPerOperation": 42.45804159999989
        }
      ]
    },
    "update": {
      "singleMutationWithActiveBindings": [
        {
          "count": 1000,
          "samples": [
            0.2711250000011205,
            0.2281250000014552,
            0.1321670000015729,
            0.11908299999959127,
            0.12399999999979627,
            0.13708299999962037,
            0.15304199999991397,
            0.09520899999915855,
            0.10212500000125146,
            0.09116600000015751,
            0.09716699999989942,
            0.087666999999783,
            0.10370900000089023,
            0.09900000000016007,
            0.10162499999933061,
            0.09904100000130711,
            0.0845420000005106,
            0.09954199999992852,
            0.08799999999973807,
            0.08083299999998417,
            0.09999999999854481,
            0.09775000000081491,
            0.08758400000078836,
            0.09070799999972223,
            0.08587500000066939,
            0.10024999999950523,
            0.11970800000199233,
            0.09045900000273832,
            0.09737500000119326,
            0.08862500000032014
          ],
          "minMs": 0.08083299999998417,
          "maxMs": 0.2711250000011205,
          "medianMs": 0.09902050000073359,
          "p95Ms": 0.15304199999991397,
          "avgMs": 0.11175283333371529,
          "operationsPerFrame16_67ms": 168.34897824063202
        },
        {
          "count": 3000,
          "samples": [
            0.06845800000155577,
            0.06866699999955017,
            0.07654199999888078,
            0.09054200000173296,
            0.10616699999809498,
            0.0764999999992142,
            0.07341699999960838,
            0.07079200000225683,
            0.08154099999956088,
            0.06920800000079907,
            0.07320800000161398,
            0.07650000000285218,
            0.074666000000434,
            0.085958000003302,
            0.06795799999963492,
            0.0813750000015716,
            0.07462500000110595,
            0.0849579999994603,
            0.08620800000062445,
            0.06700000000273576,
            0.07537500000034925,
            0.07329100000060862,
            0.06824999999662396,
            0.08829100000002654,
            0.06749999999738066,
            0.07166699999652337,
            0.0717919999951846,
            0.06658400000014808,
            0.09333399999741232,
            0.07333400000061374
          ],
          "minMs": 0.06658400000014808,