{
  "generatedAt": "2026-03-14T08:19:26.223Z",
  "environment": {
    "nodeVersion": "v25.4.0",
    "platform": "darwin",
    "arch": "arm64",
    "rssMb": 88
  },
  "config": {
    "parseCounts": [
      1000,
      5000,
      10000
    ],
    "bindCounts": [
      1000,
      3000,
      5000
    ],
    "updateCounts": [
      1000,
      3000,
      5000
    ],
    "runs": {
      "parse": 7,
      "bind": 5,
      "updateSingle": 30,
      "updateBulk": 10
    },
    "warmups": {
      "parse": 1,
      "bind": 1,
      "updateSingle": 3,
      "updateBulk": 2
    }
  },
  "sections": {
    "parse": [
      {
        "count": 1000,
        "samples": [
          6.148707999999999,
          9.440208999999982,
          9.808458000000002,
          8.407457999999991,
          9.876000000000005,
          10.680417000000006,
          10.736165999999997
        ],
        "minMs": 6.148707999999999,
        "maxMs": 10.736165999999997,
        "medianMs": 9.808458000000002,
        "p95Ms": 10.680417000000006,
        "avgMs": 9.299630857142855,
        "opsPerSecond": 101952.82479672134,
        "usPerOperation": 9.808458000000002
      },
      {
        "count": 5000,
        "samples": [
          28.445375000000013,
          30.03970800000002,
          31.668499999999995,
          28.041458000000034,
          22.971708000000035,
          29.9615,
          26.847666000000004
        ],
        "minMs": 22.971708000000035,
        "maxMs": 31.668499999999995,
        "medianMs": 28.445375000000013,
        "p95Ms": 30.03970800000002,
        "avgMs": 28.282273571428586,
        "opsPerSecond": 175775.49953199766,
        "usPerOperation": 5.6890750000000025
      },
      {
        "count": 10000,
        "samples": [
          40.84870799999999,
          38.67295899999999,
          40.556041999999934,
          45.55329100000006,
          44.94712500000003,
          41.971124999999915,
          43.527375000000006
        ],
        "minMs": 38.67295899999999,
        "maxMs": 45.55329100000006,
        "medianMs": 41.971124999999915,
        "p95Ms": 44.94712500000003,
        "avgMs": 42.2966607142857,
        "opsPerSecond": 238259.041186054,
        "usPerOperation": 4.197112499999991
      }
    ],
    "bind": {
      "uniqueExpressionPerBinding": [
        {
          "count": 1000,
          "samples": [
            96.7127079999999,
            86.9904590000001,
            89.65229099999988,
            92.19533299999989,
            90.31108299999983
          ],
          "minMs": 86.9904590000001,
          "maxMs": 96.7127079999999,
          "medianMs": 90.31108299999983,
          "p95Ms": 92.19533299999989,
          "avgMs": 91.17237479999991,
          "opsPerSecond": 11072.838092308139,
          "usPerOperation": 90.31108299999983
        },
        {
          "count": 3000,
          "samples": [
            668.2821669999998,
            664.0117499999997,
            642.7372089999999,
            640.4664169999996,
            662.9409999999998
          ],
          "minMs": 640.4664169999996,
          "maxMs": 668.2821669999998,
          "medianMs": 662.9409999999998,
          "p95Ms": 664.0117499999997,
          "avgMs": 655.6877085999997,
          "opsPerSecond": 4525.2895808224275,
          "usPerOperation": 220.98033333333325
        },
        {
          "count": 5000,
          "samples": [
            1827.269624999999,
            1839.8354170000002,
            1865.9184999999998,
            1845.9944170000017,
            1808.4404590000013
          ],
          "minMs": 1808.4404590000013,
          "maxMs": 1865.9184999999998,
          "medianMs": 1839.8354170000002,
          "p95Ms": 1845.9944170000017,
          "avgMs": 1837.4916836000004,
          "opsPerSecond": 2717.634389359078,
          "usPerOperation": 367.96708340000004
        }
      ],
      "cachedExpressionString": [
        {
          "count": 1000,
          "samples": [
            72.21670799999993,
            77.93704200000002,
            87.78599999999983,
            86.05141599999979,
            92.64191699999992
          ],
          "minMs": 72.21670799999993,
          "maxMs": 92.64191699999992,
          "medianMs": 86.05141599999979,
          "p95Ms": 87.78599999999983,
          "avgMs": 83.3266165999999,
          "opsPerSecond": 11620.959264633164,
          "usPerOperation": 86.05141599999979
        },
        {
          "count": 3000,
          "samples": [
            584.0593749999998,
            601.9818330000007,
            628.957375,
            608.480458,
            642.7303749999992
          ],
          "minMs": 584.0593749999998,
          "maxMs": 642.7303749999992,
          "medianMs": 608.480458,
          "p95Ms": 628.957375,
          "avgMs": 613.2418832,
          "opsPerSecond": 4930.314458841668,
          "usPerOperation": 202.82681933333333
        },
        {
          "count": 5000,
          "samples": [
            1511.2483329999995,
            1578.1115409999984,
            1690.9698329999992,
            1647.796792000001,
            1742.7852499999972
          ],
          "minMs": 1511.2483329999995,
          "maxMs": 1742.7852499999972,
          "medianMs": 1647.796792000001,
          "p95Ms": 1690.9698329999992,
          "avgMs": 1634.182349799999,
          "opsPerSecond": 3034.354736139089,
          "usPerOperation": 329.55935840000024
        }
      ]
    },
    "update": {
      "singleMutationWithActiveBindings": [
        {
          "count": 1000,
          "samples": [
            1.4885829999984708,
            1.0016249999971478,
            0.8992500000022119,
            0.8854580000042915,
            0.8459999999977299,
            0.8943329999965499,
            0.9201670000038575,
            0.9514999999955762,
            0.8433749999967404,
            0.9453749999956926,
            0.8368339999942691,
            0.8225410000013653,
            0.8366250000035507,
            1.6033749999987776,
            1.3541670000049635,
            0.8711669999975129,
            0.8408330000020214,
            0.8192080000007991,
            1.032666999999492,
            0.8647090000013122,
            0.9947499999980209,
            0.9242500000036671,
            0.8436660000006668,
            0.8727500000022701,
            0.8390409999992698,
            0.8754580000022543,
            0.8252920000013546,
            0.8834169999972801,
            1.6586669999960577,
            0.8954579999990528
          ],
          "minMs": 0.8192080000007991,
          "maxMs": 1.6586669999960577,
          "medianMs": 0.8844375000007858,
          "p95Ms": 1.4885829999984708,
          "avgMs": 0.9723513666664075,
          "operationsPerFrame16_67ms": 18.848137940764826
        },
        {
          "count": 3000,
          "samples": [
            2.668041999997513,
            4.546999999998661,
            6.091833000005863,
            2.588500000005297,
            2.978917000000365,
            4.738333000001148,
            2.6146670000016456,
            2.73704199999338,
            2.5076669999980368,
            2.530790999997407,
            2.903542000000016,
            5.193833999997878,
            5.63183299999946,
            2.5941249999959837,
            2.5372080000015558,
            2.761500000000524,
            2.6135419999991427,
            3.2222079999992275,
            5.090499999998428,
            1.9074170000021695,
            2.6481670000066515,
            2.5300420000057784,
            2.5993749999906868,
            3.534542000008514,
            2.6977500000066357,
            5.438625000009779,
            4.067167000001064,
            4.986124999995809,
            2.6067499999917345,
            4.271834000013769
          ],
          "minMs": 1.9074170000021695,
          "maxMs": 6.091833000005863,
          "medianMs": 2.749270999996952,
          "p95Ms": 5.438625000009779,